X,Y,Z,Btag
Grid to Tioga
N=1000 E=4374
  -5.7402084135898597E-02   -5.7402084135898597E-02    1.9163139397405499E-01 2
  -4.5782009926565601E-02   -6.2256605484254698E-02    1.8656050771700700E-01 2
  -6.2256606598937198E-02   -4.5782010113554802E-02    1.8656050835353299E-01 2
  -5.0341021297473698E-02   -5.0341020257831798E-02    1.7979723441056500E-01 2
  -6.2680402717986305E-02   -6.2414004953961301E-02    2.0340025105840101E-01 2
  -5.0746998776629602E-02   -6.9124877476086005E-02    1.9861133743390399E-01 2
  -6.9325340247759507E-02   -5.0472710055451703E-02    1.9860522315069001E-01 2
  -5.6690349822169903E-02   -5.6483749585068299E-02    1.9250000776178000E-01 2
  -6.6722493518011294E-02   -6.6252089967282296E-02    2.1606597604236299E-01 2
  -5.4426687774655202E-02   -7.4829835812258105E-02    2.1214249803024501E-01 2
  -7.5172742782030705E-02   -5.3924950553858701E-02    2.1213509350488999E-01 2
  -6.1764722875459498E-02   -6.1397445251765402E-02    2.0727140356767201E-01 2
  -6.9466720767384998E-02   -6.8857808109277205E-02    2.2937626842848000E-01 2
  -5.6861451036502801E-02   -7.8897377371497407E-02    2.2680801395963299E-01 2
  -7.9350130528344998E-02   -5.6202309644900299E-02    2.2679930129785300E-01 2
  -6.5308880348833795E-02   -6.4817060405436500E-02    2.2366691929269700E-01 2
  -7.0853793341629903E-02   -7.0174877597158097E-02    2.4308123275572599E-01 2
  -5.8067670124375602E-02   -8.0991433624878997E-02    2.4218939223659899E-01 2
  -8.1502808597155904E-02   -5.7327234543357503E-02    2.4218557891770301E-01 2
  -6.7108049994494295E-02   -6.6548826286337695E-02    2.4110569550239200E-01 2
  -7.0853779636043099E-02   -7.0174866245017703E-02    2.5691901164871900E-01 2
  -5.8067659126327401E-02   -8.0991417533854304E-02    2.5781088609045599E-01 2
  -8.1502791534651398E-02   -5.7327226659031102E-02    2.5781470116572802E-01 2
  -6.7108036221911901E-02   -6.6548814084234603E-02    2.5889461679668202E-01 2
  -6.9466682483698999E-02   -6.8857781258814393E-02    2.7062395594723199E-01 2
  -5.6861415588430698E-02   -7.8897322210252099E-02    2.7319223908123202E-01 2
  -7.9350066724791696E-02   -5.6202286442696897E-02    2.7320095245593301E-01 2
  -6.5308824247510305E-02   -6.4817013601503007E-02    2.7633336098721001E-01 2
  -6.6722428770113903E-02   -6.6252032945897404E-02    2.8393424868977302E-01 2
  -5.4426631131046399E-02   -7.4829752142047595E-02    2.8785774714663898E-01 2
  -7.5172653465308603E-02   -5.3924902361024103E-02    2.8786515144649599E-01 2
  -6.1764645426226103E-02   -6.1397374050732798E-02    2.9272885999579301E-01 2
  -6.2680380518024506E-02   -6.2413984903566699E-02    2.9659980300159500E-01 2
  -5.0746983128787899E-02   -6.9124854237056693E-02    3.0138872432589198E-01 2
  -6.9325315884335798E-02   -5.0472696974773801E-02    3.0139483861554800E-01 2
  -5.6690329840528401E-02   -5.6483731106343603E-02    3.0750005500953198E-01 2
  -5.7402084135898597E-02   -5.7402084135898597E-02    3.0836860602594501E-01 2
  -4.5782014486460201E-02   -6.2256612418587098E-02    3.1343949625638501E-01 2
  -6.2256614984530001E-02   -4.5782015418720699E-02    3.1343949602153898E-01 2
  -5.0341029008867402E-02   -5.0341027166695501E-02    3.2020276556609101E-01 2
  -6.5995859916814004E-02   -3.3316886501380198E-02    1.8269384513581999E-01 2
  -5.3722247584182502E-02   -3.7025552466697399E-02    1.7427894998983900E-01 2
  -7.4841113997993106E-02   -3.7110969362142997E-02    1.9507783487567501E-01 2
  -6.1444767033247999E-02   -4.1867381107142297E-02    1.8768750136671800E-01 2
  -8.2170866465958295E-02   -3.9813524835850198E-02    2.0932778056459100E-01 2
  -6.7666206799462197E-02   -4.5624291860411399E-02    2.0354657974543100E-01 2
  -8.7390681745095303E-02   -4.1553660461503598E-02    2.2499846209675001E-01 2
  -7.2016355542126806E-02   -4.8186466306213302E-02    2.2131526747864300E-01 2
  -9.0128248145614001E-02   -4.2411258825580500E-02    2.4156330899374101E-01 2
  -7.4267930899889395E-02   -4.9480423944348900E-02    2.4029975630517000E-01 2
  -9.0128227303554298E-02   -4.2411253313682000E-02    2.5843698815036897E-01 2
  -7.4267914164353105E-02   -4.9480415269560603E-02    2.5970058269973301E-01 2
  -8.7390611717227798E-02   -4.1553645487137497E-02    2.7500180743964397E-01 2
  -7.2016295287708601E-02   -4.8186434361087299E-02    2.7868503771020398E-01 2
  -8.2170767819983906E-02   -3.9813490448805597E-02    2.9067247700041798E-01 2
  -6.7666123935833600E-02   -4.5624241011534603E-02    2.9645370553703598E-01 2
  -7.4841080022594597E-02   -3.7110958320464398E-02    3.0492222534780100E-01 2
  -6.1444740765142301E-02   -4.1867366794479298E-02    3.1231256441125299E-01 2
  -6.5995866481910401E-02   -3.3316890004764600E-02    3.1730615574069099E-01 2
  -5.3722255230503002E-02   -3.7025557955232602E-02    3.2572104948030500E-01 2
  -6.8530539992954595E-02   -2.0237080664145601E-02    1.8008712797686000E-01 2
  -5.5973206261778201E-02   -2.2671161369561099E-02    1.7033999608414199E-01 2
  -7.8766249868429700E-02   -2.2652023048492100E-02    1.9276359902292101E-01 2
  -6.4770835937402599E-02   -2.5728894443647600E-02    1.8433662895055400E-01 2
  -8.7159476776197703E-02   -2.4326082330964699E-02    2.0751918403361699E-01 2
  -7.1809950071962197E-02   -2.8050718489882200E-02    2.0099653899935699E-01 2
  -9.3076062922309605E-02   -2.5380800170840899E-02    2.2385271297411499E-01 2
  -7.6695925320956898E-02   -2.9606927659523601E-02    2.1972397071548300E-01 2
  -9.6155251325840796E-02   -2.5893544454539001E-02    2.4117174575101899E-01 2
  -7.9209728673563698E-02   -3.0385285051993401E-02    2.3975953001638700E-01 2
  -9.6155229279169099E-02   -2.5893541182658100E-02    2.5882857116552099E-01 2
  -7.9209711165514896E-02   -3.0385278972116101E-02    2.6024083173689100E-01 2
  -9.3075987702233701E-02   -2.5380791785071299E-02    2.7614757506370602E-01 2
  -7.6695860645554198E-02   -2.9606906827381901E-02    2.8027635555517699E-01 2
  -8.7159357789104996E-02   -2.4326059124429599E-02    2.9248108679483398E-01 2
  -7.1809850013426393E-02   -2.8050682217711800E-02    2.9900376251133098E-01 2
  -7.8766205790468696E-02   -2.2652014660135299E-02    3.0723646622664003E-01 2
  -6.4770800802488801E-02   -2.5728879860536000E-02    3.1566344094899501E-01 2
  -6.8530549683211400E-02   -2.0237085707098802E-02    3.1991287805183799E-01 2
  -5.5973215678496502E-02   -2.2671161936856900E-02    3.2966000623702801E-01 2
  -6.9737701258950499E-02   -6.7876879923395800E-03    1.7868753056389100E-01 2
  -5.7025226817057802E-02   -7.6482675763985602E-03    1.6824810125930001E-01 2
  -8.0760292777817003E-02   -7.5169475497533101E-03    1.9153811558039999E-01 2
  -6.6428129823409995E-02   -8.6154138817091507E-03    1.8257147867612700E-01 2
  -8.9688992429148198E-02   -7.9915860489439602E-03    2.0657927752302199E-01 2
  -7.3878085350266604E-02   -9.3301004094151901E-03    1.9967074638769300E-01 2
  -9.5977615913441297E-02   -8.2775169725452097E-03    2.2325972794134999E-01 2
  -7.9046945395601406E-02   -9.7964429259140597E-03    2.1889862572452901E-01 2
  -9.9223763168813400E-02   -8.4116899314776207E-03    2.4096998320435301E-01 2
  -8.1686860392338398E-02   -1.0025153082776499E-02    2.3948014569384499E-01 2
  -9.9223732606117804E-02   -8.4116888936985705E-03    2.5903030913191999E-01 2
  -8.1686837118659497E-02   -1.0025150092793100E-02    2.6052020991393599E-01 2
  -9.5977547884658898E-02   -8.2775164267611494E-03    2.7674053734822901E-01 2
  -7.9046888392176898E-02   -9.7964358025102397E-03    2.8110169583521000E-01 2
  -8.9688868683556799E-02   -7.9915782056759997E-03    2.9342096996507600E-01 2
  -7.3877984244274997E-02   -9.3300849814837699E-03    3.0032954978744503E-01 2
  -8.0760261574291600E-02   -7.5169436761308396E-03    3.0846192842649600E-01 2
  -6.6428108114765294E-02   -8.6154039685455291E-03    3.1742858599868901E-01 2
  -6.9737698759624406E-02   -6.7876887221635504E-03    3.2131244534234998E-01 2
  -5.7025230418094798E-02   -7.6482613760442799E-03    3.3175188654546900E-01 2
  -6.9676381732149198E-02    6.7879349511401699E-03    1.7862968776617899E-01 2
  -5.6971400407350499E-02    7.6257274498881004E-03    1.6820937362978600E-01 2
  -8.0691688844838697E-02    7.8303182969044899E-03    1.9149061634280301E-01 2
  -6.6361217272775094E-02    8.8354079715704196E-03    1.8253715166490700E-01 2
  -8.9610091008740303E-02    8.5816583593121103E-03    2.0654549944018599E-01 2
  -7.3794985410676597E-02    9.7547150662109505E-03    1.9964527881860900E-01 2
  -9.5899286143307796E-02    9.0730364427165297E-03    2.2323867568427100E-01 2
  -7.8959823063487797E-02    1.0387330543192101E-02    2.1888193478764001E-01 2
  -9.9145049166797797E-02    9.3161086758717006E-03    2.4096287176640099E-01 2
  -8.1597038360146201E-02    1.0707255873980999E-02    2.3947436270318501E-01 2
  -9.9145019514860599E-02    9.3161037463004703E-03    2.5903741416115100E-01 2
  -8.1597015990136607E-02    1.0707250925488300E-02    2.6052599012861000E-01 2
  -9.5899221200544602E-02    9.0730222238753905E-03    2.7676158349868302E-01 2
  -7.8959769272164901E-02    1.0387313728020700E-02    2.8111838408233902E-01 2
  -8.9609971052634199E-02    8.5816398657814798E-03    2.9345474221159301E-01 2
  -7.3794888029787398E-02    9.7546930694088207E-03    3.0035501474721499E-01 2
  -8.0691661900421804E-02    7.8303105039224004E-03    3.0850942148363703E-01 2
  -6.6361199464077494E-02    8.8353979291828297E-03    3.1746291019741901E-01 2
  -6.9676384322197901E-02    6.7879343817461900E-03    3.2137028188348299E-01 2
  -5.6971408455784897E-02    7.6257254067115402E-03    3.3179061144461403E-01 2
  -6.8433687239713603E-02    2.0238206830318801E-02    1.7999010183535599E-01 2
  -5.5887980431805498E-02    2.2664506358546499E-02    1.7027758039338400E-01 2
  -7.8620013864016403E-02    2.2945523809362298E-02    1.9268841037227599E-01 2
  -6.4626313234864702E-02    2.5944604239113399E-02    1.8428419696570800E-01 2
  -8.6989390997338906E-02    2.4873776658408901E-02    2.0746431664574699E-01 2
  -7.1627666955275796E-02    2.8449120809498098E-02    2.0095602196475701E-01 2
  -9.2877112524326705E-02    2.6112761878169001E-02    2.2382139938103601E-01 2
  -7.6473856912493698E-02    3.0151577490950300E-02    2.1969897662637899E-01 2
  -9.5938731587903905E-02    2.6722674306081901E-02    2.4116173705392799E-01 2
  -7.8964149658588098E-02    3.1010055955143102E-02    2.3975115508029199E-01 2
  -9.5938712034931498E-02    2.6722667505924200E-02    2.5883856405935002E-01 2
  -7.8964134890652099E-02    3.1010048164186999E-02    2.6024920206518598E-01 2
  -9.2877047718285005E-02    2.6112740541206800E-02    2.7617887443059702E-01 2
  -7.6473803213487707E-02    3.0151547324138800E-02    2.8030134593432399E-01 2
  -8.6989281243553707E-02    2.4873743521373601E-02    2.9253594120820697E-01 2
  -7.1627576368667803E-02    2.8449078068120200E-02    2.9904427662768301E-01 2
  -7.8619979383600699E-02    2.2945511857391299E-02    3.0731164231790598E-01 2
  -6.4626287831452606E-02    2.5944588725849201E-02    3.1571587060923800E-01 2
  -6.8433701917011799E-02    2.0238209789629698E-02    3.2000989020585402E-01 2
  -5.5887995219573099E-02    2.2664508462419401E-02    3.2972241878770298E-01 2
  -6.5917776997879901E-02    3.3317080281838697E-02    1.8261993567889701E-01 2
  -5.3654375906076898E-02    3.7023870608207901E-02    1.7423033552782699E-01 2
  -7.4658500784843401E-02    3.7396063164524700E-02    1.9502030264069400E-01 2
  -6.1262010712342503E-02    4.2081074337647399E-02    1.8764455878832700E-01 2
  -8.1901546104827402E-02    4.0333286874072401E-02    2.0929190213665000E-01 2
  -6.7377853555947401E-02    4.6004011558972900E-02    2.0351721447811200E-01 2
  -8.7051982473528994E-02    4.2240948878808603E-02    2.2498124673561401E-01 2
  -7.1644483867440101E-02    4.8697925177074101E-02    2.2129829511201701E-01 2
  -8.9751530446507105E-02    4.3186364316169200E-02    2.4155849374751401E-01 2
  -7.3849677965432903E-02    5.0063955186267300E-02    2.4029424468455701E-01 2
  -8.9751512767026906E-02    4.3186355823435899E-02    2.5844179555659902E-01 2
  -7.3849664328021203E-02    5.0063944611545202E-02    2.5970607806805701E-01 2
  -8.7051921188051898E-02    4.2240921393013997E-02    2.7501901615617602E-01 2
  -7.1644430944878407E-02    4.8697882504159497E-02    2.7870199420219699E-01 2
  -8.1901447872612596E-02    4.0333241778931501E-02    2.9070834802868500E-01 2
  -6.7377768326542894E-02    4.6003950636431597E-02    2.9648305385528700E-01 2
  -7.4658472500262099E-02    3.7396049225895900E-02    3.0497975134333599E-01 2
  -6.1261985680650798E-02    4.2081055346671600E-02    3.1235549121560802E-01 2
  -6.5917789762722001E-02    3.3317083479548600E-02    3.1738005896574201E-01 2
  -5.3654384044436197E-02    3.7023873437872300E-02    3.2576964853589202E-01 2
  -6.2217315338082502E-02    4.5781788277437001E-02    1.8652395593971099E-01 2
  -5.0306972461503299E-02    5.0339263483061197E-02    1.7977119302425101E-01 2
  -6.9098278187008602E-02    5.0748487510839102E-02    1.9857868850387200E-01 2
  -5.6459510146344302E-02    5.6690335874787098E-02    1.9247548826703101E-01 2
  -7.4816457401013295E-02    5.4426819877910898E-02    2.1211677209165700E-01 2
  -6.1383556480171901E-02    6.1763315670623702E-02    2.0725149343752200E-01 2
  -7.8893717377616995E-02    5.6859279566830200E-02    2.2679170005667501E-01 2
  -6.4810715660229196E-02    6.5305158337776295E-02    2.2365408709671300E-01 2
  -8.0993393069986500E-02    5.8064169466191799E-02    2.4218378400279700E-01 2
  -6.6546839142193004E-02    6.7102990270813095E-02    2.4110124651085699E-01 2
  -8.0993377670400199E-02    5.8064158660030903E-02    2.5781649217805902E-01 2
  -6.6546827549547105E-02    6.7102976726048202E-02    2.5889906457590800E-01 2
  -7.8893662937050996E-02    5.6859244315101802E-02    2.7320855085155499E-01 2
  -6.4810669432466494E-02    6.5305102590136999E-02    2.7634619198594701E-01 2
  -7.4816374521562395E-02    5.4426763277805497E-02    2.8788347087186100E-01 2
  -6.1383485805383997E-02    6.1763238539874803E-02    2.9274876886649698E-01 2
  -6.9098256685421397E-02    5.0748471941180200E-02    3.0142137109941203E-01 2
  -5.6459492849415899E-02    5.6690316334191998E-02    3.0752457335722400E-01 2
  -6.2217324550791799E-02    4.5781792779840701E-02    3.1347604587715500E-01 2
  -5.0306980889775900E-02    5.0339271576319199E-02    3.2022880584429098E-01 2
  -5.7402084135898597E-02    5.7402084135898597E-02    1.9163139397405499E-01 2
  -4.5782010113554802E-02    6.2256606598937198E-02    1.8656050835353299E-01 2
  -6.2414004953961301E-02    6.2680402717986305E-02    2.0340025105840101E-01 2
  -5.0472710055451703E-02    6.9325340247759507E-02    1.9860522315069001E-01 2
  -6.6252089967282296E-02    6.6722493518011294E-02    2.1606597604236299E-01 2
  -5.3924950553858701E-02    7.5172742782030705E-02    2.1213509350488999E-01 2
  -6.8857808109277205E-02    6.9466720767384998E-02    2.2937626842848000E-01 2
  -5.6202309644900299E-02    7.9350130528344998E-02    2.2679930129785300E-01 2
  -7.0174877597158097E-02    7.0853793341629903E-02    2.4308123275572599E-01 2
  -5.7327234543357503E-02    8.1502808597155904E-02    2.4218557891770301E-01 2
  -7.0174866245017703E-02    7.0853779636043099E-02    2.5691901164871900E-01 2
  -5.7327226659031102E-02    8.1502791534651398E-02    2.5781470116572802E-01 2
  -6.8857781258814393E-02    6.9466682483698999E-02    2.7062395594723199E-01 2
  -5.6202286442696897E-02    7.9350066724791696E-02    2.7320095245593301E-01 2
  -6.6252032945897404E-02    6.6722428770113903E-02    2.8393424868977302E-01 2
  -5.3924902361024103E-02    7.5172653465308603E-02    2.8786515144649599E-01 2
  -6.2413984903566699E-02    6.2680380518024506E-02    2.9659980300159500E-01 2
  -5.0472696974773801E-02    6.9325315884335798E-02    3.0139483861554800E-01 2
  -5.7402084135898597E-02    5.7402084135898597E-02    3.0836860602594501E-01 2
  -4.5782015418720699E-02    6.2256614984530001E-02    3.1343949602153898E-01 2
  -3.3316886731118801E-02   -6.5995859283061994E-02    1.8269384359993701E-01 2
  -3.7025554291489599E-02   -5.3722247094315702E-02    1.7427894854925299E-01 2
  -3.7393547243663498E-02   -7.4709669339742296E-02    1.9508533943938100E-01 2
  -4.2080428450603800E-02   -6.1308938123949497E-02    1.8768993967094699E-01 2
  -4.0331912766113101E-02   -8.1926370769251494E-02    2.0934304473163901E-01 2
  -4.6004519538099503E-02   -6.7404302785915998E-02    2.0355433531243000E-01 2
  -4.2242540345536303E-02   -8.7060507198337203E-02    2.2501338884621699E-01 2
  -4.8701415205861097E-02   -7.1658275058488194E-02    2.2132203269295500E-01 2
  -4.3189720291169700E-02   -8.9750723299371199E-02    2.4156948667520400E-01 2
  -5.0069221878822200E-02   -7.3856226875357298E-02    2.4030243734484799E-01 2
  -4.3189711926652698E-02   -8.9750706008170103E-02    2.5843080714796302E-01 2
  -5.0069211366092298E-02   -7.3856213641635499E-02    2.5969788821350298E-01 2
  -4.2242512861527401E-02   -8.7060445261255406E-02    2.7498687858175003E-01 2
  -4.8701372346559399E-02   -7.1658221932075203E-02    2.7867825941271501E-01 2
  -4.0331867442329299E-02   -8.1926269965817297E-02    2.9065720972238701E-01 2
  -4.6004458154781498E-02   -6.7404215810114507E-02    2.9644593558575699E-01 2
  -3.7393533167791398E-02   -7.4709637466377904E-02    3.0491471891020400E-01 2
  -4.2080408977971197E-02   -6.1308910889958997E-02    3.1231011281379401E-01 2
  -3.3316889910350402E-02   -6.5995867468704394E-02    3.1730615532604201E-01 2
  -3.7025556675195498E-02   -5.3722252532470600E-02    3.2572103778763101E-01 2
  -3.9721697836641499E-02   -3.9721696417374601E-02    1.6730524361774299E-01 2
  -4.5746382768653303E-02   -4.5605948726868302E-02    1.8174544159191899E-01 2
  -5.0483927742899497E-02   -5.0212773946701199E-02    1.9902095200230299E-01 2
  -5.3751019963334402E-02   -5.3376419388625099E-02    2.1848524889971899E-01 2
  -5.5439081444796902E-02   -5.5006253876916801E-02    2.3933479389329201E-01 2
  -5.5439068778021197E-02   -5.5006245173631799E-02    2.6066557711001298E-01 2
  -5.3750975278553999E-02   -5.3376383798587099E-02    2.8151508648244500E-01 2
  -5.0483865584773802E-02   -5.0212712091143398E-02    3.0097935924590702E-01 2
  -4.5746361081101403E-02   -4.5605930580028500E-02    3.1825462834919699E-01 2
  -3.9721702733179098E-02   -3.9721704332400402E-02    3.3269475522007902E-01 2
  -4.1470186224068603E-02   -2.4406141438778301E-02    1.6237755070709001E-01 2
  -4.8254586349012800E-02   -2.8104088292197502E-02    1.7762562140678900E-01 2
  -5.3565677163108699E-02   -3.0944579029592301E-02    1.9592024577103700E-01 2
  -5.7208294028261900E-02   -3.2869039817151800E-02    2.1656317791566301E-01 2
  -5.9079521808484102E-02   -3.3852698983143602E-02    2.3868422781412299E-01 2
  -5.9079508533352400E-02   -3.3852692802703102E-02    2.6131615999046698E-01 2
  -5.7208245169357103E-02   -3.2869015085612401E-02    2.8343717239051902E-01 2
  -5.3565600379763198E-02   -3.0944531992731301E-02    3.0408007618974497E-01 2
  -4.8254555954673498E-02   -2.8104067818684700E-02    3.2237444406882099E-01 2
  -4.1470190016447701E-02   -2.4406139010596399E-02    3.3762244125910001E-01 2
  -4.2278526154381900E-02   -8.2611261215872998E-03    1.5979100867387899E-01 2
  -4.9486543687266703E-02   -9.4663275166024900E-03    1.7547505630862500E-01 2
  -5.5085517742341501E-02   -1.0367307044471500E-02    1.9431832011291900E-01 2
  -5.8922510208021098E-02   -1.0968149912498899E-02    2.1557163133980600E-01 2
  -6.0879335039804999E-02   -1.1271257206202400E-02    2.3834934057764601E-01 2
  -6.0879318154012700E-02   -1.1271254585373199E-02    2.6165105241103997E-01 2
  -5.8922467994852797E-02   -1.0968140102216299E-02    2.8442872533521102E-01 2
  -5.5085441408473199E-02   -1.0367283383029601E-02    3.0568200784369798E-01 2
  -4.9486523902645303E-02   -9.4663130220016701E-03    3.2452501366561198E-01 2
  -4.2278526037633102E-02   -8.2611158780515597E-03    3.4020897820394602E-01 2
  -4.2236905362714898E-02    8.2154084079931102E-03    1.5976666211453200E-01 2
  -4.9425990544326497E-02    9.5894726805848592E-03    1.7545074362403701E-01 2
  -5.5004562722787399E-02    1.0655158494081499E-02    1.9429848105825201E-01 2
  -5.8833583748377202E-02    1.1387593765415500E-02    2.1555799926943001E-01 2
  -6.0785726922776999E-02    1.1764340909721199E-02    2.3834451831861300E-01 2
  -6.0785710602611100E-02    1.1764334189144099E-02    2.6165586944577701E-01 2
  -5.8833544160010499E-02    1.1387575665792000E-02    2.8444235214759001E-01 2
  -5.5004489158051999E-02    1.0655137503257099E-02    3.0570184185174198E-01 2
  -4.9425972783712302E-02    9.5894590517564895E-03    3.2454932103877598E-01 2
  -4.2236906964578901E-02    8.2154022362668708E-03    3.4023331960823200E-01 2
  -4.1404053255311497E-02    2.4394083131931199E-02    1.6234313255606700E-01 2
  -4.8119109913027903E-02    2.8241303145975699E-02    1.7759237652276000E-01 2
  -5.3383556297263497E-02    3.1225151485856601E-02    1.9589025196941601E-01 2
  -5.6977402557518798E-02    3.3262332891364398E-02    2.1654312957118399E-01 2
  -5.8820179342718701E-02    3.4309174484185800E-02    2.3867723182891701E-01 2
  -5.8820168392199897E-02    3.4309164254137603E-02    2.6132315573762699E-01 2
  -5.6977364090057402E-02    3.3262299619223702E-02    2.8345722100533299E-01 2
  -5.3383488204426302E-02    3.1225106193157201E-02    3.0411007155441799E-01 2
  -4.8119087150437001E-02    2.8241281012162198E-02    3.2240769070209602E-01 2
  -4.1404059520856198E-02    2.4394079587886301E-02    3.3765686071203099E-01 2
  -3.9669102876297102E-02    3.9721586355343098E-02    1.6728015273682600E-01 2
  -4.5568328835440701E-02    4.5748607915221097E-02    1.8171833779438201E-01 2
  -5.0189766409683402E-02    5.0484984579884297E-02    1.9899686799591401E-01 2
  -5.3362427875851999E-02    5.3749075514517498E-02    2.1846932483648601E-01 2
  -5.4997414956167598E-02    5.5435346875394503E-02    2.3932920439592700E-01 2
  -5.4997405759282997E-02    5.5435334155284600E-02    2.6067116520665001E-01 2
  -5.3362391818417301E-02    5.3749031031706002E-02    2.8153100919018398E-01 2
  -5.0189705103216901E-02    5.0484922826867402E-02    3.0100344210298402E-01 2
  -4.5568310982925603E-02    4.5748586650653102E-02    3.1828173123715398E-01 2
  -3.9669110942039301E-02    3.9721591607067300E-02    3.3271984552072498E-01 2
  -3.6998834438819697E-02    5.3721143423645999E-02    1.7426517065913599E-01 2
  -4.1847588824612897E-02    6.1445440131704603E-02    1.8767247366882900E-01 2
  -4.5611979934522699E-02    6.7665449381718895E-02    2.0353345847111501E-01 2
  -4.8179523919649997E-02    7.2013271363999598E-02    2.2130650073486899E-01 2
  -4.9476577237424803E-02    7.4263500114579398E-02    2.4029666099559899E-01 2
  -4.9476569024733803E-02    7.4263483570965405E-02    2.5970367730387300E-01 2
  -4.8179492210053902E-02    7.2013211405155805E-02    2.7869380376555603E-01 2
  -4.5611929020489599E-02    6.7665366752436701E-02    2.9646682607895097E-01 2
  -4.1847574680454198E-02    6.1445414164701700E-02    3.1232759154969603E-01 2
  -3.6998840099391903E-02    5.3721151244719399E-02    3.2573482833119799E-01 2
  -3.3316886501380198E-02    6.5995859916814004E-02    1.8269384513581999E-01 2
  -3.7110969362142997E-02    7.4841113997993106E-02    1.9507783487567501E-01 2
  -3.9813524835850198E-02    8.2170866465958295E-02    2.0932778056459100E-01 2
  -4.1553660461503598E-02    8.7390681745095303E-02    2.2499846209675001E-01 2
  -4.2411258825580500E-02    9.0128248145614001E-02    2.4156330899374101E-01 2
  -4.2411253313682000E-02    9.0128227303554298E-02    2.5843698815036897E-01 2
  -4.1553645487137497E-02    8.7390611717227798E-02    2.7500180743964397E-01 2
  -3.9813490448805597E-02    8.2170767819983906E-02    2.9067247700041798E-01 2
  -3.7110958320464398E-02    7.4841080022594597E-02    3.0492222534780100E-01 2
  -3.3316890004764600E-02    6.5995866481910401E-02    3.1730615574069099E-01 2
  -2.0237081043444499E-02   -6.8530536424293603E-02    1.8008712275587899E-01 2
  -2.2671162913764600E-02   -5.5973201841693403E-02    1.7033999394635699E-01 2
  -2.2936739254823500E-02   -7.8684095222553596E-02    1.9277314028900100E-01 2
  -2.5943605015397001E-02   -6.4686050332880801E-02    1.8434201376295700E-01 2
  -2.4859446437130901E-02   -8.7026068946682203E-02    2.0753000243068301E-01 2
  -2.8442594863434100E-02   -7.1666097374990897E-02    2.0100248725827899E-01 2
  -2.6094688031703100E-02   -9.2893031090735600E-02    2.2386310599667500E-01 2
  -3.0141328242132601E-02   -7.6496150580290301E-02    2.1972915228709999E-01 2
  -2.6702879650289401E-02   -9.5944875965899595E-02    2.4117598471751400E-01 2
  -3.0998097401725901E-02   -7.8978846989622098E-02    2.3976155840354099E-01 2
  -2.6702873215000700E-02   -9.5944855816478394E-02    2.5882432162278102E-01 2
  -3.0998089728140402E-02   -7.8978831878664904E-02    2.6023880093043900E-01 2
  -2.6094667798347199E-02   -9.2892965414852799E-02    2.7613717322193898E-01 2
  -3.0141298468622901E-02   -7.6496096459215998E-02    2.8027117258303103E-01 2
  -2.4859414596951301E-02   -8.7025956221749898E-02    2.9247026080343402E-01 2
  -2.8442552277909199E-02   -7.1666005052127696E-02    2.9899781349175603E-01 2
  -2.2936728302620699E-02   -7.8684056208046596E-02    3.0722691799429303E-01 2
  -2.5943589039859400E-02   -6.4686022125554202E-02    3.1565805594174401E-01 2
  -2.0237084252877700E-02   -6.8530546014836297E-02    3.1991287514650502E-01 2
  -2.2671163575917901E-02   -5.5973213624893103E-02    3.2966000740945200E-01 2
  -2.4406143152109400E-02   -4.1470181722184203E-02    1.6237754825538001E-01 2
  -2.8245710542056199E-02   -4.8167037833694200E-02    1.7762842109878599E-01 2
  -3.1224053150602098E-02   -5.3416274458097199E-02    1.9592116906731000E-01 2
  -3.3257533932813103E-02   -5.6998606787644200E-02    2.1656397796813701E-01 2
  -3.4302678861226503E-02   -5.8835965246080701E-02    2.3868452590883499E-01 2
  -3.4302668595822199E-02   -5.8835954337411303E-02    2.6131586241503302E-01 2
  -3.3257500627894399E-02   -5.6998568740204397E-02    2.8343637342927702E-01 2
  -3.1224007346586400E-02   -5.3416206521092101E-02    3.0407915499936400E-01 2
  -2.8245687147435101E-02   -4.8167014917448202E-02    3.2237164641927002E-01 2
  -2.4406137327584700E-02   -4.1470188248313299E-02    3.3762244513433698E-01 2
  -2.5523734297451500E-02   -2.5523729474379600E-02    1.5675889618131000E-01 2
  -2.9808315420169099E-02   -2.9720053780496501E-02    1.7297119029376601E-01 2
  -3.3115585936654097E-02   -3.2961190783118398E-02    1.9243660235924301E-01 2
  -3.5364634376785900E-02   -3.5146610703666897E-02    2.1441159442502900E-01 2
  -3.6514155780873303E-02   -3.6260307469878399E-02    2.3795719529097800E-01 2
  -3.6514145499713699E-02   -3.6260299573177598E-02    2.6204322855067802E-01 2
  -3.5364598136449300E-02   -3.5146584797315500E-02    2.8558879043650198E-01 2
  -3.3115529369459697E-02   -3.2961141866579800E-02    3.0756375108518202E-01 2
  -2.9808285928984400E-02   -2.9720031011430500E-02    3.2702888943887998E-01 2
  -2.5523727992971298E-02   -2.5523725636374700E-02    3.4324110633215099E-01 2
  -2.6036806671405701E-02   -8.6565648109352099E-03    1.5384088092104201E-01 2
  -3.0564038158913200E-02   -1.0045968161444501E-02    1.7056205258047899E-01 2
  -3.4035740055839502E-02   -1.1104702593982999E-02    1.9065056491091201E-01 2
  -3.6390997014570999E-02   -1.1808244575789099E-02    2.1330943495276200E-01 2
  -3.7585871027501598E-02   -1.2163573073389300E-02    2.3758541820867399E-01 2
  -3.7585859198455002E-02   -1.2163569092330500E-02    2.6241503318536702E-01 2
  -3.6390965823879899E-02   -1.1808234315660001E-02    2.8669097839600099E-01 2
  -3.4035684124547702E-02   -1.1104680169451301E-02    3.0934981640668702E-01 2
  -3.0564015267132701E-02   -1.0045952486191201E-02    3.2943805261976900E-01 2
  -2.6036797177745201E-02   -8.6565514370178908E-03    3.4615913749516902E-01 2
  -2.6010107121433101E-02    8.5926306944840193E-03    1.5382927666162100E-01 2
  -3.0513243702340102E-02    1.0096948653928701E-02    1.7054640831550799E-01 2
  -3.3959832075368603E-02    1.1248068935287099E-02    1.9063681254054399E-01 2
  -3.6303508282630098E-02    1.2036634056972200E-02    2.1329951180277401E-01 2
  -3.7491987889706202E-02    1.2439290924786101E-02    2.3758185559671899E-01 2
  -3.7491976456503699E-02    1.2439284843767299E-02    2.6241859528900002E-01 2
  -3.6303479340711299E-02    1.2036614629135800E-02    2.8670090084190603E-01 2
  -3.3959777948696798E-02    1.1248041737470200E-02    3.0936356795241898E-01 2
  -3.0513221587486299E-02    1.0096932211964000E-02    3.2945369595985002E-01 2
  -2.6010097774549899E-02    8.5926252714541001E-03    3.4617074121445301E-01 2
  -2.5481772209787999E-02    2.5508218258417800E-02    1.5674413556379099E-01 2
  -2.9689013497917801E-02    2.9800446510255998E-02    1.7295042901234001E-01 2
  -3.2939263475736801E-02    3.3113199388596103E-02    1.9241659843399600E-01 2
  -3.5131574615265601E-02    3.5365923756437302E-02    2.1439729210379099E-01 2
  -3.6248511729563199E-02    3.6517127748442402E-02    2.3795208308835000E-01 2
  -3.6248503362504798E-02    3.6517117593526702E-02    2.6204834050811998E-01 2
  -3.5131547315872702E-02    3.5365887789446798E-02    2.8560309250420302E-01 2
  -3.2939212293067698E-02    3.3113143690666001E-02    3.0758375516266701E-01 2
  -2.9688987926767801E-02    2.9800418645532799E-02    3.2704965132001801E-01 2
  -2.5481764453291599E-02    2.5508214516633900E-02    3.4325586792924301E-01 2
  -2.4372859289736599E-02    4.1472628975770899E-02    1.6236907312454901E-01 2
  -2.8079809819961301E-02    4.8259370025311499E-02    1.7761142102283300E-01 2
  -3.0929047198868600E-02    5.3569275279800002E-02    1.9590536015432400E-01 2
  -3.2858882066799301E-02    5.7208869249532300E-02    2.1655276409245400E-01 2
  -3.3845604155867202E-02    5.9078291772054502E-02    2.3868047334638801E-01 2
  -3.3845597338499102E-02    5.9078278414694298E-02    2.6131991333042698E-01 2
  -3.2858856036363800E-02    5.7208820495526801E-02    2.8344758516037599E-01 2
  -3.0928999246698501E-02    5.3569198658102203E-02    3.0409496094003702E-01 2
  -2.8079787358892900E-02    4.8259339732402699E-02    3.2238864396199401E-01 2
  -2.4372853982060402E-02    4.1472632694589298E-02    3.3763091879499102E-01 2
  -2.2654157609982899E-02    5.5973907491921597E-02    1.7033537018288300E-01 2
  -2.5715933906470201E-02    6.4773347172582693E-02    1.8432867527492200E-01 2
  -2.8042368079007399E-02    7.1810992877327201E-02    2.0098847967415601E-01 2
  -2.9601772365557399E-02    7.6694628860042802E-02    2.1971823336373400E-01 2
  -3.0381963551869499E-02    7.9207076325501502E-02    2.3975744317119599E-01 2
  -3.0381957780960901E-02    7.9207058982192602E-02    2.6024291878800798E-01 2
  -2.9601751410993301E-02    7.6694564448243394E-02    2.8028209313101399E-01 2
  -2.8042331121426099E-02    7.1810893012553195E-02    2.9901182203542098E-01 2
  -2.5715918438185700E-02    6.4773312259811006E-02    3.1567139504810698E-01 2
  -2.2654156950024200E-02    5.5973916954692400E-02    3.2966463267901502E-01 2
  -2.0237080664145601E-02    6.8530539992954595E-02    1.8008712797686000E-01 2
  -2.2652023048492100E-02    7.8766249868429700E-02    1.9276359902292101E-01 2
  -2.4326082330964699E-02    8.7159476776197703E-02    2.0751918403361699E-01 2
  -2.5380800170840899E-02    9.3076062922309605E-02    2.2385271297411499E-01 2
  -2.5893544454539001E-02    9.6155251325840796E-02    2.4117174575101899E-01 2
  -2.5893541182658100E-02    9.6155229279169099E-02    2.5882857116552099E-01 2
  -2.5380791785071299E-02    9.3075987702233701E-02    2.7614757506370602E-01 2
  -2.4326059124429599E-02    8.7159357789104996E-02    2.9248108679483398E-01 2
  -2.2652014660135299E-02    7.8766205790468696E-02    3.0723646622664003E-01 2
  -2.0237085707098802E-02    6.8530549683211400E-02    3.1991287805183799E-01 2
  -6.7876882848636796E-03   -6.9737694390315699E-02    1.7868752320116099E-01 2
  -7.6482690925467898E-03   -5.7025219135607798E-02    1.6824809633376700E-01 2
  -7.8042720213999999E-03   -8.0730952296273806E-02    1.9154283174826400E-01 2
  -8.8321531059129092E-03   -6.6397911909831603E-02    1.8257446813345901E-01 2
  -8.5302702861466805E-03   -8.9635692439839099E-02    2.0658596012594599E-01 2
  -9.7261146264224808E-03   -7.3821303390281104E-02    1.9967512188834599E-01 2
  -9.0019736089833498E-03   -9.5914096254097803E-02    2.2326442115408299E-01 2
  -1.0339063590467899E-02   -7.8977844511774101E-02    2.1890130853153100E-01 2
  -9.2344939495048999E-03   -9.9155319239387904E-02    2.4097165831256701E-01 2
  -1.0648441068238999E-02   -8.1611580853137300E-02    2.3948102540403299E-01 2
  -9.2344901746140105E-03   -9.9155288445704204E-02    2.5902861891919099E-01 2
  -1.0648436781108300E-02   -8.1611557590943004E-02    2.6051931969265102E-01 2
  -9.0019626638316707E-03   -9.5914034372044404E-02    2.7673582984514500E-01 2
  -1.0339048547080100E-02   -7.8977794219368500E-02    2.8109900303441399E-01 2
  -8.5302560202486204E-03   -8.9635575962818403E-02    2.9341427381449697E-01 2
  -9.7260944298008193E-03   -7.3821210423328606E-02    3.0032516476638199E-01 2
  -7.8042673682402804E-03   -8.0730929688661801E-02    3.0845719912563102E-01 2
  -8.8321429431007393E-03   -6.6397899949496506E-02    3.1742558736922699E-01 2
  -6.7876877896064503E-03   -6.9737703046855101E-02    3.2131244048429097E-01 2
  -7.6482631452586001E-03   -5.7025235397313100E-02    3.3175188305228298E-01 2
  -8.2611277046662195E-03   -4.2278518724381202E-02    1.5979100182213701E-01 2
  -9.6093986672469902E-03   -4.9455405101431198E-02    1.7547684002429201E-01 2
  -1.0649736604281101E-02   -5.5026886097044501E-02    1.9432033452558900E-01 2
  -1.1362515311928801E-02   -5.8850105498660897E-02    2.1557257844354899E-01 2
  -1.1728719449973300E-02   -6.0799830901525402E-02    2.3834958348058399E-01 2
  -1.1728712942576301E-02   -6.0799814028604002E-02    2.6165079927800799E-01 2
  -1.1362497617526401E-02   -5.8850070117011197E-02    2.8442776831896199E-01 2
  -1.0649715211849800E-02   -5.5026818330415297E-02    3.0567998404251900E-01 2
  -9.6093819737808096E-03   -4.9455395329792699E-02    3.2452322065434003E-01 2
  -8.2611140569110401E-03   -4.2278531495087597E-02    3.4020897627537600E-01 2
  -8.6565694818342403E-03   -2.6036798294219302E-02    1.5384087890863701E-01 2
  -1.0135099123567399E-02   -3.0532661156589602E-02    1.7056256425924199E-01 2
  -1.1260871048772301E-02   -3.3975443694354297E-02    1.9065159005866500E-01 2
  -1.2029791112986601E-02   -3.6315813066779098E-02    2.1330984413869600E-01 2
  -1.2421910953597300E-02   -3.7502936013974197E-02    2.3758550503976900E-01 2
  -1.2421904763272000E-02   -3.7502924333564301E-02    2.6241494130281900E-01 2
  -1.2029771100892201E-02   -3.6315788937748998E-02    2.8669056423477701E-01 2
  -1.1260841876057600E-02   -3.3975396580578299E-02    3.0934878639511199E-01 2
  -1.0135077552625400E-02   -3.0532648934173401E-02    3.2943753614561699E-01 2
  -8.6565541421095796E-03   -2.6036802766828501E-02    3.4615913514514501E-01 2
  -8.8366723452797894E-03   -8.8366639023559693E-03    1.5080316208451000E-01 2
  -1.0376831740133799E-02   -1.0345164883675199E-02    1.6806032069799101E-01 2
  -1.1544707179784000E-02   -1.1483819674469200E-02    1.8879904275532100E-01 2
  -1.2332199161929000E-02   -1.2255840921627500E-02    2.1216777041892301E-01 2
  -1.2729755889564300E-02   -1.2645324385229900E-02    2.3720040933524000E-01 2
  -1.2729749480117800E-02   -1.2645318100077700E-02    2.6280002290133198E-01 2
  -1.2332180559678900E-02   -1.2255829289196800E-02    2.8783262475282601E-01 2
  -1.1544675579039701E-02   -1.1483796760691500E-02    3.1120131990433803E-01 2
  -1.0376808047435900E-02   -1.0345151823249400E-02    3.3193976316334700E-01 2
  -8.8366484319386002E-03   -8.8366540948878192E-03    3.4919682574230099E-01 2
  -8.8274134431329393E-03    8.7634356477496803E-03    1.5079667488166501E-01 2
  -1.0338262987918900E-02    1.0329375674786499E-02    1.6804817647494699E-01 2
  -1.1477438225799099E-02    1.1522597495441900E-02    1.8878710611898900E-01 2
  -1.2250271469757700E-02    1.2329721510415099E-02    2.1215914351598400E-01 2
  -1.2640050434210799E-02    1.2737808398297501E-02    2.3719732786498199E-01 2
  -1.2640044041051800E-02    1.2737802263784299E-02    2.6280310661488299E-01 2
  -1.2250254269272599E-02    1.2329704011459299E-02    2.8784125370455599E-01 2
  -1.1477406836014699E-02    1.1522568658794200E-02    3.1121325843942699E-01 2
  -1.0338237783938600E-02    1.0329358077701500E-02    3.3195190928358498E-01 2
  -8.8273867185360497E-03    8.7634226802717902E-03    3.4920331509729602E-01 2
  -8.6419888125165694E-03    2.6019729128431000E-02    1.5383550334178700E-01 2
  -1.0035025517171600E-02    3.0554598715168600E-02    1.7054858493510899E-01 2
  -1.1096776111521900E-02    3.4031756395011901E-02    1.9063576686814901E-01 2
  -1.1802586561960199E-02    3.6390662655237500E-02    2.1329825377727499E-01 2
  -1.2158977394247801E-02    3.7587204110036701E-02    2.3758134530930300E-01 2
  -1.2158972479196400E-02    3.7587192426898501E-02    2.6241910355414400E-01 2
  -1.1802573830394200E-02    3.6390631764977199E-02    2.8670215708514701E-01 2
  -1.1096749134937800E-02    3.4031701335099300E-02    3.0936461249846903E-01 2
  -1.0035003838217800E-02    3.0554577317373800E-02    3.2945151892995800E-01 2
  -8.6419675460717004E-03    2.6019721839007300E-02    3.4616451431719703E-01 2
  -8.2494854092838802E-03    4.2282456407339603E-02    1.5979171540235201E-01 2
  -9.4577204626026708E-03    4.9492815034957102E-02    1.7546798114883300E-01 2
  -1.0361580910261899E-02    5.5090582542774803E-02    1.9430850546335601E-01 2
  -1.0964155895890599E-02    5.8924528294173301E-02    2.1556425110686700E-01 2
  -1.1268236424371400E-02    6.0879531550986903E-02    2.3834659525677199E-01 2
  -1.1268233001535601E-02    6.0879514567070699E-02    2.6165379587367799E-01 2
  -1.0964143889962299E-02    5.8924486128055703E-02    2.8443610381163498E-01 2
  -1.0361554760365300E-02    5.5090506192428501E-02    3.0569182090578001E-01 2
  -9.4577015463161700E-03    4.9492795121728501E-02    3.2453208772812697E-01 2
  -8.2494690602917097E-03    4.2282455905679299E-02    3.4020827092978101E-01 2
  -7.6422783030995001E-03    5.7026970016821901E-02    1.6824883130620599E-01 2
  -8.6105852634594093E-03    6.6431714765770297E-02    1.8256764530078901E-01 2
  -9.3270116515191299E-03    7.3880163033829299E-02    1.9966563904641599E-01 2
  -9.7943748250868597E-03    7.9046670758567500E-02    2.1889465155122101E-01 2
  -1.0023656854479300E-02    8.1685220286777993E-02    2.3947864484999801E-01 2
  -1.0023653987083001E-02    8.1685197135648105E-02    2.6052171069772800E-01 2
  -9.7943671215508406E-03    7.9046613941803401E-02    2.8110566996680902E-01 2
  -9.3269947516603502E-03    7.3880062006054500E-02    3.0033465708127999E-01 2
  -8.6105731786771701E-03    6.6431693095373306E-02    3.1743241959190599E-01 2
  -7.6422691769245099E-03    5.7026973400231697E-02    3.3175115686753598E-01 2
  -6.7876879923395800E-03    6.9737701258950499E-02    1.7868753056389100E-01 2
  -7.5169475497533101E-03    8.0760292777817003E-02    1.9153811558039999E-01 2
  -7.9915860489439602E-03    8.9688992429148198E-02    2.0657927752302199E-01 2
  -8.2775169725452097E-03    9.5977615913441297E-02    2.2325972794134999E-01 2
  -8.4116899314776207E-03    9.9223763168813400E-02    2.4096998320435301E-01 2
  -8.4116888936985705E-03    9.9223732606117804E-02    2.5903030913191999E-01 2
  -8.2775164267611494E-03    9.5977547884658898E-02    2.7674053734822901E-01 2
  -7.9915782056759997E-03    8.9688868683556799E-02    2.9342096996507600E-01 2
  -7.5169436761308396E-03    8.0760261574291600E-02    3.0846192842649600E-01 2
  -6.7876887221635504E-03    6.9737698759624406E-02    3.2131244534234998E-01 2
   6.7879346450582202E-03   -6.9676371007436094E-02    1.7862967853492401E-01 2
   7.6257261463830899E-03   -5.6971389267934901E-02    1.6820936577308701E-01 2
   7.5428927694437004E-03   -8.0721239109873194E-02    1.9148618564221101E-01 2
   8.6185902415242092E-03   -6.6391643979261505E-02    1.8253438435878599E-01 2
   8.0428334380612896E-03   -8.9665844533201006E-02    2.0653879693426799E-01 2
   9.3585913912704703E-03   -7.3854220217709501E-02    1.9964088793618201E-01 2
   8.3483060175252397E-03   -9.5966129444847698E-02    2.2323397552014099E-01 2
   9.8444967647938909E-03   -7.9032247184717505E-02    2.1887924664928801E-01 2
   8.4929612848937304E-03   -9.9217286261013393E-02    2.4096118465178701E-01 2
   1.0083700523534300E-02   -8.1676110910606101E-02    2.3947347368079400E-01 2
   8.4929595603701995E-03   -9.9217256915424698E-02    2.5903908026793199E-01 2
   1.0083697105967500E-02   -8.1676088808145100E-02    2.6052686156625599E-01 2
   8.3483037999668407E-03   -9.5966068759022694E-02    2.7676626252584502E-01 2
   9.8444887250248407E-03   -7.9032197697067305E-02    2.8112105465144899E-01 2
   8.0428233547687501E-03   -8.9665733244301896E-02    2.9346142358406402E-01 2
   9.3585750582171699E-03   -7.3854131651936203E-02    3.0035938816740898E-01 2
   7.5428872936604500E-03   -8.0721226636677496E-02    3.0851383200795601E-01 2
   8.6185807335412007E-03   -6.6391640915122702E-02    3.1746566076000499E-01 2
   6.7879353558515099E-03   -6.9676394910695799E-02    3.2137027270916402E-01 2
   7.6257227214562096E-03   -5.6971418957862702E-02    3.3179060389106901E-01 2
   8.2154071576195902E-03   -4.2236893180238197E-02    1.5976665933910800E-01 2
   9.4463455554742292E-03   -4.9457337313073398E-02    1.7544911814823000E-01 2
   1.0372650771180001E-02   -5.5065646787058602E-02    1.9429645529507900E-01 2
   1.0993076083435900E-02   -5.8909311468906801E-02    2.1555704803434200E-01 2
   1.1306687552747901E-02   -6.0869024027691399E-02    2.3834426846447301E-01 2
   1.1306684805534400E-02   -6.0869008120370001E-02    2.6165610887894197E-01 2
   1.0993066238378001E-02   -5.8909276503755797E-02    2.8444329302469001E-01 2
   1.0372627749730200E-02   -5.5065582342635103E-02    3.0570385714748599E-01 2
   9.4463337675940399E-03   -4.9457335059114198E-02    3.2455093671637403E-01 2
   8.2154028622295396E-03   -4.2236917516945201E-02    3.4023331356064301E-01 2
   8.5926262749234893E-03   -2.6010095223082098E-02    1.5382927281809600E-01 2
   1.0007784132973300E-02   -3.0544828362322200E-02    1.7054599162922701E-01 2
   1.1091853582617800E-02   -3.4022580513477702E-02    1.9063578072379800E-01 2
   1.1814996124353799E-02   -3.6382015070315597E-02    2.1329910038536501E-01 2
   1.2180838324895700E-02   -3.7578715852109403E-02    2.3758176494538399E-01 2
   1.2180834479346900E-02   -3.7578704824779499E-02    2.6241867940454799E-01 2
   1.1814986593128201E-02   -3.6381990907858597E-02    2.8670130587571402E-01 2
   1.1091833146644799E-02   -3.4022535900827003E-02    3.0936459352283602E-01 2
   1.0007773190828399E-02   -3.0544821999312400E-02    3.2945410678864201E-01 2
   8.5926216681044398E-03   -2.6010108691380301E-02    3.4617073966181799E-01 2
   8.7634273701463102E-03   -8.8274013705868098E-03    1.5079667105327199E-01 2
   1.0297697705396699E-02   -1.0370137309879200E-02    1.6804820654570801E-01 2
   1.1461694422595000E-02   -1.1540777663793300E-02    1.8878710258617301E-01 2
   1.2253332861903100E-02   -1.2329952464911399E-02    2.1215914173134201E-01 2
   1.2653338702775000E-02   -1.2728274851384400E-02    2.3719732582348299E-01 2
   1.2653332693001600E-02   -1.2728268925224800E-02    2.6280310353234998E-01 2
   1.2253322356115100E-02   -1.2329940246083301E-02    2.8784125044128200E-01 2
   1.1461674236023499E-02   -1.1540756102501000E-02    3.1121325700724201E-01 2
   1.0297690550606999E-02   -1.0370128152320900E-02    3.3195187440024199E-01 2
   8.7634280507466605E-03   -8.8273976526139497E-03    3.4920331441120700E-01 2
   8.7543636090564106E-03    8.7543758560397703E-03    1.5078994887691799E-01 2
   1.0322880264028000E-02    1.0290994835139899E-02    1.6803587946297399E-01 2
   1.1518867051215300E-02    1.1455512048837701E-02    1.8877503520451300E-01 2
   1.2327673922633300E-02    1.2247962519169200E-02    2.1215043619668100E-01 2
   1.2736526479500999E-02    1.2648263868058399E-02    2.3719421783514399E-01 2
   1.2736520818155799E-02    1.2648257737474000E-02    2.6280621284138500E-01 2
   1.2327662776737001E-02    1.2247946406908300E-02    2.8784995710207700E-01 2
   1.1518848203420600E-02    1.1455483322231000E-02    3.1122532536504499E-01 2
   1.0322877131250499E-02    1.0290975447156901E-02    3.3196420245688102E-01 2
   8.7543707458848895E-03    8.7543595042612402E-03    3.4921003781618998E-01 2
   8.5783932775085597E-03    2.5993045183068001E-02    1.5382392924554200E-01 2
   1.0086361546904100E-02    3.0503806272597900E-02    1.7053295985234601E-01 2
   1.1240562507959800E-02    3.3955820766730802E-02    1.9062202437105899E-01 2
   1.2031481922975099E-02    3.6303117451715897E-02    2.1328833414820400E-01 2
   1.2435254471971399E-02    3.7493248349198399E-02    2.3757778276920899E-01 2
   1.2435249785192601E-02    3.7493237074275099E-02    2.6242266323183400E-01 2
   1.2031466034804900E-02    3.6303088815226800E-02    2.8671207370626800E-01 2
   1.1240542131179299E-02    3.3955767476825702E-02    3.0937835199833602E-01 2
   1.0086354286550799E-02    3.0503785467721398E-02    3.2946714105670000E-01 2
   8.5783996905730402E-03    2.5993037615855901E-02    3.4617608603100303E-01 2
   8.2040977366050101E-03    4.2240784957656999E-02    1.5976737859849899E-01 2
   9.5810984250635795E-03    4.9432206002711698E-02    1.7544365792874900E-01 2
   1.0649769094923199E-02    5.5009547011084903E-02    1.9428864043539101E-01 2
   1.1384114243154400E-02    5.8835494926424502E-02    2.1555059444002900E-01 2
   1.1761977870588700E-02    6.0785799056224901E-02    2.3834176272218199E-01 2
   1.1761972143000600E-02    6.0785782662573999E-02    2.6165862237448501E-01 2
   1.1384099313637401E-02    5.8835455448616999E-02    2.8444975443594500E-01 2
   1.0649752295221400E-02    5.5009473454105798E-02    3.0571168008635502E-01 2
   9.5810918333929500E-03    4.9432188166621899E-02    3.2455640492422400E-01 2
   8.2041011294643508E-03    4.2240786227514399E-02    3.4023260196437599E-01 2
   7.6199260895457102E-03    5.6973110927599900E-02    1.6821009618499300E-01 2
   8.8313285526402698E-03    6.6364799988097606E-02    1.8253326696901401E-01 2
   9.7517660817711804E-03    7.3797021176652697E-02    1.9964014367277200E-01 2
   1.0385535383927100E-02    7.8959492847114204E-02    2.1887793581059201E-01 2
   1.0706150781921201E-02    8.1595332828414496E-02    2.3947285168787499E-01 2
   1.0706145909869000E-02    8.1595310559666595E-02    2.6052750028099098E-01 2
   1.0385519644534401E-02    7.8959439228161094E-02    2.8112238221361702E-01 2
   9.7517464066414501E-03    7.3796923862879199E-02    3.0036014906198899E-01 2
   8.8313220568406996E-03    6.6364782179942405E-02    3.1746679435288899E-01 2
   7.6199287845753298E-03    5.6973118682728502E-02    3.3178988852861202E-01 2
   6.7879349511401699E-03    6.9676381732149198E-02    1.7862968776617899E-01 2
   7.8303182969044899E-03    8.0691688844838697E-02    1.9149061634280301E-01 2
   8.5816583593121103E-03    8.9610091008740303E-02    2.0654549944018599E-01 2
   9.0730364427165297E-03    9.5899286143307796E-02    2.2323867568427100E-01 2
   9.3161086758717006E-03    9.9145049166797797E-02    2.4096287176640099E-01 2
   9.3161037463004703E-03    9.9145019514860599E-02    2.5903741416115100E-01 2
   9.0730222238753905E-03    9.5899221200544602E-02    2.7676158349868302E-01 2
   8.5816398657814798E-03    8.9609971052634199E-02    2.9345474221159301E-01 2
   7.8303105039224004E-03    8.0691661900421804E-02    3.0850942148363703E-01 2
   6.7879343817461900E-03    6.9676384322197901E-02    3.2137028188348299E-01 2
   2.0238206504851999E-02   -6.8433677940083995E-02    1.7999009421622400E-01 2
   2.2664505165120301E-02   -5.5887970867869501E-02    1.7027757322523701E-01 2
   2.2660684621028201E-02   -7.8702171898234294E-02    1.9267882050571300E-01 2
   2.5729798208261798E-02   -6.4711101327516202E-02    1.8427877493710401E-01 2
   2.4340022275792499E-02   -8.7122865904487798E-02    2.0745342906391701E-01 2
   2.8056940965973800E-02   -7.1771586134694101E-02    2.0095002035520401E-01 2
   2.5398224173057801E-02   -9.3060296457853894E-02    2.2381094341078800E-01 2
   2.9616671437108000E-02   -7.6673783438776996E-02    2.1969374643083200E-01 2
   2.5912544083233000E-02   -9.6149311751350303E-02    2.4115746755941000E-01 2
   3.0396625098865999E-02   -7.9195236064784000E-02    2.3974910312439099E-01 2
   2.5912540985390600E-02   -9.6149292189053007E-02    2.5884282407271902E-01 2
   3.0396619205295801E-02   -7.9195220957778104E-02    2.6025124101490299E-01 2
   2.5398216011454901E-02   -9.3060226797794299E-02    2.7618931961450699E-01 2
   2.9616650897959600E-02   -7.6673724385914799E-02    2.8030656245636199E-01 2
   2.4339999598813600E-02   -8.7122759060075106E-02    2.9254681796037502E-01 2
   2.8056905381131200E-02   -7.1771497834445294E-02    2.9905026484283997E-01 2
   2.2660676569880599E-02   -7.8702144457490103E-02    3.0732122199904099E-01 2
   2.5729784318987800E-02   -6.4711082290347000E-02    3.1572127966720698E-01 2
   2.0238211324756401E-02   -6.8433708482922198E-02    3.2000989049880901E-01 2
   2.2664506155942801E-02   -5.5888000585885902E-02    3.2972241507732802E-01 2
   2.4394082056436801E-02   -4.1404043316591303E-02    1.6234312761140801E-01 2
   2.8099613018097599E-02   -4.8206660631339299E-02    1.7758954962759499E-01 2
   3.0945460828127099E-02   -5.3533025371452499E-02    1.9588929009570699E-01 2
   3.2873477872823402E-02   -5.7187241669550498E-02    2.1654229442100500E-01 2
   3.3858752883598499E-02   -5.9063940884612601E-02    2.3867691661355001E-01 2
   3.3858746874581798E-02   -5.9063929749395797E-02    2.6132345891473502E-01 2
   3.2873453421739300E-02   -5.7187197962318401E-02    2.8345804379633099E-01 2
   3.0945414500633400E-02   -5.3532959072998501E-02    3.0411102071069002E-01 2
   2.8099593404891099E-02   -4.8206644550673097E-02    3.2241050565010199E-01 2
   2.4394080453871099E-02   -4.1404065258792103E-02    3.3765685527244299E-01 2
   2.5508213810220701E-02   -2.5481761916538899E-02    1.5674413197861101E-01 2
   2.9712144118830500E-02   -2.9777276795779600E-02    1.7295041347321699E-01 2
   3.2958674270981599E-02   -3.3093724646141298E-02    1.9241657595197900E-01 2
   3.5147683482437499E-02   -3.5349749983833403E-02    2.1439727160943900E-01 2
   3.6263014327679102E-02   -3.6502564996449403E-02    2.3795207327613099E-01 2
   3.6263006621741603E-02   -3.6502556545300803E-02    2.6204834422423101E-01 2
   3.5147657946674501E-02   -3.5349718277971502E-02    2.8560310705307101E-01 2
   3.2958626256931099E-02   -3.3093677046583801E-02    3.0758377209305399E-01 2
   2.9712122616075500E-02   -2.9777259492776299E-02    3.2704966173160999E-01 2
   2.5508211507901599E-02   -2.5481771171421901E-02    3.4325586695328097E-01 2
   2.6019720816715899E-02   -8.6419781648312405E-03    1.5383550073413299E-01 2
   3.0523208074108899E-02   -1.0124157994770200E-02    1.7054909197484699E-01 2
   3.3971416662151102E-02   -1.1253010500612601E-02    1.9063678500342701E-01 2
   3.6315406461931300E-02   -1.2024284786784901E-02    2.1329865653461400E-01 2
   3.7504180686054898E-02   -1.2417520283754001E-02    2.3758142919888600E-01 2
   3.7504169177613400E-02   -1.2417515504344600E-02    2.6241901316837002E-01 2
   3.6315382679407399E-02   -1.2024268364390800E-02    2.8670174795798797E-01 2
   3.3971370453598201E-02   -1.1252988232313400E-02    3.0936358823612398E-01 2
   3.0523197257506601E-02   -1.0124145722166900E-02    3.2945100597295501E-01 2
   2.6019727192212998E-02   -8.6419748112760604E-03    3.4616451162934703E-01 2
   2.5993033108357499E-02    8.5784041241161197E-03    1.5382392691062499E-01 2
   3.0535404474179600E-02    9.9971954643001803E-03    1.7053254861791900E-01 2
   3.4018612493439002E-02    1.1084281181413099E-02    1.9062100027551901E-01 2
   3.6381696416466401E-02    1.1809692269212600E-02    2.1328792976574501E-01 2
   3.7580064667451701E-02    1.2176596835690201E-02    2.3757769556315400E-01 2
   3.7580053785571700E-02    1.2176592046300500E-02    2.6242274625171103E-01 2
   3.6381672553057499E-02    1.1809680236999799E-02    2.8671247400452698E-01 2
   3.4018568749868999E-02    1.1084256144144700E-02    3.0937937201566301E-01 2
   3.0535399601945599E-02    9.9971784495109291E-03    3.2946754846039100E-01 2
   2.5993048776774198E-02    8.5783915361191693E-03    3.4617608480771800E-01 2
   2.5466312190074902E-02    2.5466322841301701E-02    1.5672904859592601E-01 2
   2.9769474358055700E-02    2.9681170294097101E-02    1.7292940094910600E-01 2
   3.3091404699568998E-02    3.2936813552464701E-02    1.9239639230727201E-01 2
   3.5351106056067200E-02    3.5132714075765098E-02    2.1438286109092999E-01 2
   3.6505603684051001E-02    3.6251285298968601E-02    2.3794692439846901E-01 2
   3.6505595329779802E-02    3.6251277096571402E-02    2.6205349102877101E-01 2
   3.5351074535444497E-02    3.5132687068645203E-02    2.8561751549002401E-01 2
   3.3091357822444503E-02    3.2936763141769597E-02    3.0760395406203800E-01 2
   2.9769458475953400E-02    2.9681145806534599E-02    3.2707067302654802E-01 2
   2.5466323743363301E-02    2.5466316385552201E-02    3.4327094948633402E-01 2
   2.4360810021889400E-02    4.1406390820306900E-02    1.6233460941143801E-01 2
   2.8216936490824799E-02    4.8123772442746300E-02    1.7757808610216599E-01 2
   3.1209635428585299E-02    5.3386959248526697E-02    1.9587524639491399E-01 2
   3.3252368660337497E-02    5.6977703302893597E-02    2.1653261638572699E-01 2
   3.4302416416380099E-02    5.8818622356352199E-02    2.3867343740816099E-01 2
   3.4302407341390298E-02    5.8818611363367197E-02    2.6132694478691099E-01 2
   3.3252339446026700E-02    5.6977665028414400E-02    2.8346772896858802E-01 2
   3.1209595885111501E-02    5.3386891219299099E-02    3.0412507204495398E-01 2
   2.8216923807249900E-02    4.8123749701923603E-02    3.2242197667877098E-01 2
   2.4360819241340401E-02    4.1406396863622998E-02    3.3766538015189101E-01 2
   2.2647509923861799E-02    5.5888615299554502E-02    1.7027290979435100E-01 2
   2.5932212325338599E-02    6.4628849413438605E-02    1.8427607203784799E-01 2
   2.8440729608222401E-02    7.1628615608893206E-02    2.0094786686556201E-01 2
   3.0146514577652501E-02    7.6472425297592003E-02    2.1969315745095100E-01 2
   3.1006945030834301E-02    7.8961332612831503E-02    2.3974903525160399E-01 2
   3.1006937499147499E-02    7.8961317949968801E-02    2.6025131969411902E-01 2
   3.0146485933670902E-02    7.6472371831907901E-02    2.8030716292459901E-01 2
   2.8440689957269300E-02    7.1628525203727103E-02    2.9905242957784500E-01 2
   2.5932201620241700E-02    6.4628824148425301E-02    3.1572399368855403E-01 2
   2.2647518432538899E-02    5.5888629944097198E-02    3.2972708774101700E-01 2
   2.0238206830318801E-02    6.8433687239713603E-02    1.7999010183535599E-01 2
   2.2945523809362298E-02    7.8620013864016403E-02    1.9268841037227599E-01 2
   2.4873776658408901E-02    8.6989390997338906E-02    2.0746431664574699E-01 2
   2.6112761878169001E-02    9.2877112524326705E-02    2.2382139938103601E-01 2
   2.6722674306081901E-02    9.5938731587903905E-02    2.4116173705392799E-01 2
   2.6722667505924200E-02    9.5938712034931498E-02    2.5883856405935002E-01 2
   2.6112740541206800E-02    9.2877047718285005E-02    2.7617887443059702E-01 2
   2.4873743521373601E-02    8.6989281243553707E-02    2.9253594120820697E-01 2
   2.2945511857391299E-02    7.8619979383600699E-02    3.0731164231790598E-01 2
   2.0238209789629698E-02    6.8433701917011799E-02    3.2000989020585402E-01 2
   3.3317079974704900E-02   -6.5917767543252001E-02    1.8261992783915801E-01 2
   3.7023869011097103E-02   -5.3654365831605100E-02    1.7423032984263601E-01 2
   3.7113436708188598E-02   -7.4789837684763494E-02    1.9501262652829099E-01 2
   4.1867989482101700E-02   -6.1397731524030802E-02    1.8764198728994499E-01 2
   3.9814627804527797E-02   -8.2146037372664904E-02    2.0927634807861301E-01 2
   4.5623573244140500E-02   -6.7639753044998002E-02    2.0350923370595700E-01 2
   4.1551559553022602E-02   -8.7382329786081903E-02    2.2496606333905400E-01 2
   4.8182580274568003E-02   -7.2002737233617900E-02    2.2129133058187700E-01 2
   4.2407235842809997E-02   -9.0129370902058498E-02    2.4155220922260601E-01 2
   4.9474638678155901E-02   -7.4261697876083804E-02    2.4029148083314000E-01 2
   4.2407230380601200E-02   -9.0129351296719798E-02    2.5844806832695699E-01 2
   4.9474630060145498E-02   -7.4261682444251298E-02    2.5970884418939699E-01 2
   4.1551545017005601E-02   -8.7382265265561795E-02    2.7503418681021402E-01 2
   4.8182548799351799E-02   -7.2002682285984596E-02    2.7870896081353502E-01 2
   3.9814593645108601E-02   -8.2145947127469907E-02    2.9072389020063399E-01 2
   4.5623522757242699E-02   -6.7639678169315903E-02    2.9649103789609998E-01 2
   3.7113425975103503E-02   -7.4789817566959099E-02    3.0498741512615501E-01 2
   4.1867975647158703E-02   -6.1397718303825698E-02    3.1235806550883699E-01 2
   3.3317083578153099E-02   -6.5917792827560898E-02    3.1738005543776199E-01 2
   3.7023874832634397E-02   -5.3654391059729301E-02    3.2576965754446302E-01 2
   3.9721585268803303E-02   -3.9669093305309003E-02    1.6728014788900600E-01 2
   4.5608147216612001E-02   -4.5708654451165599E-02    1.8171824285829699E-01 2
   5.0213680434398597E-02   -5.0460915450903900E-02    1.9899670732348901E-01 2
   5.3374192154812497E-02   -5.3737201233095500E-02    2.1846918258570100E-01 2
   5.5002148939931397E-02   -5.5430558407618603E-02    2.3932914526366700E-01 2
   5.5002140235328803E-02   -5.5430546995090098E-02    2.6067121628322298E-01 2
   5.3374156870803401E-02   -5.3737161305204402E-02    2.8153114351003600E-01 2
   5.0213618749289597E-02   -5.0460860285659097E-02    3.0100359476329103E-01 2
   4.5608129260216103E-02   -4.5708644186697699E-02    3.1828181860201199E-01 2
   3.9721593162968902E-02   -3.9669113598228903E-02    3.3271984328910198E-01 2
   4.1472624433995603E-02   -2.4372849542833499E-02    1.6236906926832700E-01 2
   4.8171805280263297E-02   -2.8221323234637899E-02    1.7761416502366600E-01 2
   5.3419782133483203E-02   -3.1208516290235098E-02    1.9590618802600299E-01 2
   5.6999012110087600E-02   -3.3247548805483300E-02    2.1655347950339399E-01 2
   5.8834512765170099E-02   -3.4295899844506997E-02    2.3868073639605999E-01 2
   5.8834501809371401E-02   -3.4295890736169100E-02    2.6131964655946999E-01 2
   5.6998974241650402E-02   -3.3247519564406802E-02    2.8344686667496499E-01 2
   5.3419714236775502E-02   -3.1208476245462299E-02    3.0409413095984800E-01 2
   4.8171782353147799E-02   -2.8221309304269401E-02    3.2238589805374401E-01 2
   4.1472630695938102E-02   -2.4372856499814601E-02    3.3763092041994103E-01 2
   4.2282448927226601E-02   -8.2494755885249207E-03    1.5979170838272200E-01 2
   4.9461671013116798E-02   -9.6006828658059106E-03    1.7546974661143200E-01 2
   5.5031920735163400E-02   -1.0644005560225800E-02    1.9431048838880699E-01 2
   5.8852066947554800E-02   -1.1358694087646800E-02    2.1556517030462199E-01 2
   6.0799953271052698E-02   -1.1726014681353800E-02    2.3834682677871399E-01 2
   6.0799936322382397E-02   -1.1726009179349701E-02    2.6165355330523599E-01 2
   5.8852031669682697E-02   -1.1358679600555100E-02    2.8443517390992301E-01 2
   5.5031852964983100E-02   -1.0643988420920399E-02    3.0568982778413800E-01 2
   4.9461661150165502E-02   -9.6006732962936794E-03    3.2453031225042001E-01 2
   4.2282461345558200E-02   -8.2494716169420005E-03    3.4020826854795999E-01 2
   4.2240772832713699E-02    8.2041078766622103E-03    1.5976737598223401E-01 2
   4.9463558213353798E-02    9.4380800366103794E-03    1.7544205070071500E-01 2
   5.5070661242763802E-02    1.0367266274129301E-02    1.9428664615321301E-01 2
   5.8911279288575098E-02    1.0989423763513299E-02    2.1554967110532600E-01 2
   6.0869170306085699E-02    1.1304008497908200E-02    2.3834152424343999E-01 2
   6.0869154301168502E-02    1.1304004939605700E-02    2.6165885123721400E-01 2
   5.8911244372049601E-02    1.0989411695571400E-02    2.8445066819267001E-01 2
   5.5070596784494802E-02    1.0367240718826800E-02    3.0571366469735101E-01 2
   4.9463555834478701E-02    9.4380637634870704E-03    3.2455800306212301E-01 2
   4.2240796789261799E-02    8.2040973940942803E-03    3.4023259636735398E-01 2
   4.1406380527963298E-02    2.4360820123214499E-02    1.6233460766634100E-01 2
   4.8211339017749003E-02    2.8075354931951801E-02    1.7757531639434099E-01 2
   5.3536518412460800E-02    3.0929949550567500E-02    1.9587438114295000E-01 2
   5.7187711983760700E-02    3.2863340785140603E-02    2.1653186677452299E-01 2
   5.9062606033839199E-02    3.3851678788687597E-02    2.3867315783507401E-01 2
   5.9062594841253001E-02    3.3851672158822801E-02    2.6132721745636200E-01 2
   5.7187668455995697E-02    3.2863315083408201E-02    2.8346847128037700E-01 2
   5.3536452399951501E-02    3.0929902388178800E-02    3.0412592968795299E-01 2
   4.8211323212529002E-02    2.8075333443771298E-02    3.2242473928338100E-01 2
   4.1406402620333703E-02    2.4360815785899000E-02    3.3766537606162800E-01 2
   3.9669159889183701E-02    3.9669169781890598E-02    1.6725390309444299E-01 2
   4.5711057850270999E-02    4.5570705567845003E-02    1.8169024157153599E-01 2
   5.0462150725160998E-02    5.0190851324709899E-02    1.9897198225496901E-01 2
   5.3735435337505501E-02    5.3360379185148799E-02    2.1845287388371301E-01 2
   5.5427002459071298E-02    5.4993488630300597E-02    2.3932342755109601E-01 2
   5.5426990995615599E-02    5.4993479435971597E-02    2.6067693258782298E-01 2
   5.3735395618817197E-02    5.3360343445374200E-02    2.8154745084899102E-01 2
   5.0462095977086500E-02    5.0190790208077700E-02    3.0102831867516899E-01 2
   4.5711048025679601E-02    4.5570687932921197E-02    3.1830981896854799E-01 2
   3.9669180559012800E-02    3.9669177861678999E-02    3.3274608749160600E-01 2
   3.6997101641755202E-02    5.3653217846578498E-02    1.7421649348509499E-01 2
   4.2061792418009898E-02    6.1262782058933901E-02    1.8762925484842999E-01 2
   4.5991600567427203E-02    6.7376995879934204E-02    2.0350394017531900E-01 2
   4.8691016882313302E-02    7.1641231080910403E-02    2.2128939599826600E-01 2
   5.0060260754976001E-02    7.3845029337839596E-02    2.4029109581496999E-01 2
   5.0060250584633502E-02    7.3845015809864495E-02    2.5970922245774403E-01 2
   4.8690976066122403E-02    7.1641178454336402E-02    2.7871088884712503E-01 2
   4.5991543315466600E-02    6.7376910949141000E-02    2.9649632374747198E-01 2
   4.2061779232744401E-02    6.1262757307491901E-02    3.1237079104438398E-01 2
   3.6997112203345298E-02    5.3653225996870599E-02    3.2578348668978202E-01 2
   3.3317080281838697E-02    6.5917776997879901E-02    1.8261993567889701E-01 2
   3.7396063164524700E-02    7.4658500784843401E-02    1.9502030264069400E-01 2
   4.0333286874072401E-02    8.1901546104827402E-02    2.0929190213665000E-01 2
   4.2240948878808603E-02    8.7051982473528994E-02    2.2498124673561401E-01 2
   4.3186364316169200E-02    8.9751530446507105E-02    2.4155849374751401E-01 2
   4.3186355823435899E-02    8.9751512767026906E-02    2.5844179555659902E-01 2
   4.2240921393013997E-02    8.7051921188051898E-02    2.7501901615617602E-01 2
   4.0333241778931501E-02    8.1901447872612596E-02    2.9070834802868500E-01 2
   3.7396049225895900E-02    7.4658472500262099E-02    3.0497975134333599E-01 2
   3.3317083479548600E-02    6.5917789762722001E-02    3.1738005896574201E-01 2
   4.5781788442115397E-02   -6.2217311405911697E-02    1.8652395184293299E-01 2
   5.0339262653231097E-02   -5.0306968439617399E-02    1.7977118916266099E-01 2
   5.0474472600309100E-02   -6.9299297054666004E-02    1.9857216102952599E-01 2
   5.6483948796273303E-02   -5.6666666484269802E-02    1.9247516674754800E-01 2
   5.3924999123177400E-02   -7.5159310854031797E-02    2.1210915205725400E-01 2
   6.1395973239098803E-02   -6.1750780637142497E-02    2.0725132569368901E-01 2
   5.6199931608712998E-02   -7.9346550012211303E-02    2.2678278499274099E-01 2
   6.4813177862552501E-02   -6.5302615169085906E-02    2.2365392957027400E-01 2
   5.7323438716236998E-02   -8.1504965589675196E-02    2.4217988608686200E-01 2
   6.6543537085807500E-02   -6.7106260510602006E-02    2.4110118062340199E-01 2
   5.7323430922200699E-02   -8.1504949118237094E-02    2.5782038463650703E-01 2
   6.6543525000379994E-02   -6.7106247253589602E-02    2.5889912468129600E-01 2
   5.6199908744224800E-02   -7.9346488422570499E-02    2.7321745940389502E-01 2
   6.4813131425892498E-02   -6.5302561156623404E-02    2.7634634372203398E-01 2
   5.3924951323901800E-02   -7.5159225850538899E-02    2.8789108364018301E-01 2
   6.1395902468205699E-02   -6.1750707269052699E-02    2.9274893096303900E-01 2
   5.0474459888405598E-02   -6.9299279767304198E-02    3.0142789176768198E-01 2
   5.6483930759755899E-02   -5.6666653068446600E-02    3.0752488940679901E-01 2
   4.5781793818589503E-02   -6.2217329245870798E-02    3.1347604381996402E-01 2
   5.0339269755037303E-02   -5.0306984904783303E-02    3.2022880443575902E-01 2
   5.3721143138734100E-02   -3.6998830997379703E-02    1.7426516660403499E-01 2
   6.1309763517907200E-02   -4.2061192105648598E-02    1.8767468245261501E-01 2
   6.7403499103664402E-02   -4.5992154023812598E-02    2.0354109435306700E-01 2
   7.1655076227831294E-02   -4.8694552312460601E-02    2.2131315354545100E-01 2
   7.3851632177162299E-02   -5.0065572801306198E-02    2.4029929506405401E-01 2
   7.3851619041622601E-02   -5.0065562684556301E-02    2.5970102581443499E-01 2
   7.1655023363637896E-02   -4.8694511284687499E-02    2.7868713389144900E-01 2
   6.7403412370193094E-02   -4.5992096269081899E-02    2.9645917193455401E-01 2
   6.1309736485371698E-02   -4.2061178379929898E-02    3.1232536572121899E-01 2
   5.3721148487514400E-02   -3.6998841037414500E-02    3.2573481564428097E-01 2
   5.5973903248712799E-02   -2.2654153780578300E-02    1.7033536647029701E-01 2
   6.4688652992734200E-02   -2.5931200329521800E-02    1.8433392237685201E-01 2
   7.1667112462530505E-02   -2.8434190816658801E-02    2.0099435611778699E-01 2
   7.6494785362231102E-02   -3.0136252427963400E-02    2.1972334748801600E-01 2
   7.8976096321692807E-02   -3.0994973544902601E-02    2.3975944336855201E-01 2
   7.8976081312717203E-02   -3.0994966131742099E-02    2.6024091377031999E-01 2
   7.6494731465204704E-02   -3.0136224180752600E-02    2.8027697520162198E-01 2
   7.1667020305648602E-02   -2.8434151327339601E-02    2.9900594248786599E-01 2
   6.4688624902161998E-02   -2.5931189170239101E-02    3.1566614548408101E-01 2
   5.5973914860861000E-02   -2.2654160857931500E-02    3.2966463324461098E-01 2
   5.7026962403025801E-02   -7.6422743866962402E-03    1.6824882585188800E-01 2
   6.6401527333718097E-02   -8.8278802939936295E-03    1.8257058885400201E-01 2
   7.3823371839729507E-02   -9.7229722017966504E-03    1.9966999061067001E-01 2
   7.8977546959160996E-02   -1.0337074956939101E-02    2.1889731187504699E-01 2
   8.1609907976033402E-02   -1.0647142485196799E-02    2.3947951516144900E-01 2
   8.1609884813662895E-02   -1.0647138281775100E-02    2.6052082906982499E-01 2
   7.8977496834812894E-02   -1.0337061011138000E-02    2.8110299884265200E-01 2
   7.3823278932703795E-02   -9.7229543631930301E-03    3.0033029521051502E-01 2
   6.6401515363859701E-02   -8.8278737286489398E-03    3.1742946610580403E-01 2
   5.7026978358482597E-02   -7.6422732430282501E-03    3.3175115317091702E-01 2
   5.6973099722399098E-02    7.6199302132228097E-03    1.6821008885308100E-01 2
   6.6395196228605305E-02    8.6139550154418904E-03    1.8253054561480100E-01 2
   7.3856265249686304E-02    9.3556960773878393E-03    1.9963577682276001E-01 2
   7.9031939931160797E-02    9.8426221465526195E-03    2.1887527030096501E-01 2
   8.1674438212861897E-02    1.0082397799141300E-02    2.3947197225882899E-01 2
   8.1674416249221102E-02    1.0082394501608000E-02    2.6052836336872598E-01 2
   7.9031890678981406E-02    9.8426135189894001E-03    2.8112503139862199E-01 2
   7.3856176843481405E-02    9.3556782596370992E-03    3.0036449967395001E-01 2
   6.6395193316608606E-02    8.6139433179645997E-03    3.1746950016240999E-01 2
   5.6973129341137498E-02    7.6199238394914796E-03    3.3178988162058298E-01 2
   5.5888605708139000E-02    2.2647514171920999E-02    1.7027290376306101E-01 2
   6.4713546212088705E-02    2.5716850504329501E-02    1.8427078733259700E-01 2
   7.1772562621716704E-02    2.8048603454772801E-02    2.0094193673153901E-01 2
   7.6672420680159795E-02    2.9611529091229400E-02    2.1968799441144499E-01 2
   7.9192517421395395E-02    3.0393316571703799E-02    2.3974701124211301E-01 2
   7.9192502465073103E-02    3.0393310979418300E-02    2.6025333265935302E-01 2
   7.6672361848728304E-02    2.9611508406603801E-02    2.8031231425607200E-01 2
   7.1772474444945597E-02    2.8048567146094900E-02    2.9905834822163502E-01 2
   6.4713527298664406E-02    2.5716835676092301E-02    3.1572926725131201E-01 2
   5.5888635345696699E-02    2.2647513866329700E-02    3.2972708463630701E-01 2
   5.3653207651696899E-02    3.6997105369358303E-02    1.7421649020491700E-01 2
   6.1398350648238800E-02    4.1848151676896303E-02    1.8762691268682000E-01 2
   6.7638941699525001E-02    4.5611215886236400E-02    2.0349607892627600E-01 2
   7.1999599156952199E-02    4.8175592525098898E-02    2.2128254373317399E-01 2
   7.4257213209775602E-02    4.9470746649255701E-02    2.4028837881882201E-01 2
   7.4257197971576802E-02    4.9470738495346799E-02    2.5971194548884102E-01 2
   7.1999544510029198E-02    4.8175561291422399E-02    2.7871774696435803E-01 2
   6.7638867066749195E-02    4.5611165344198901E-02    2.9650419193393301E-01 2
   6.1398337741122702E-02    4.1848138024486503E-02    3.1237313954289597E-01 2
   5.3653233069986497E-02    3.6997111380971198E-02    3.2578349669269102E-01 2
   5.0305531197408701E-02    5.0305535426786903E-02    1.7974438022008599E-01 2
   5.6666973130999401E-02    5.6460029950146498E-02    1.9245005026419601E-01 2
   6.1749694048757298E-02    6.1382405082203002E-02    2.0723098914437299E-01 2
   6.5299213791454300E-02    6.4807153749167096E-02    2.2364084152208799E-01 2
   6.7101521430513497E-02    6.6541870583857604E-02    2.4109664634674099E-01 2
   6.7101508402038296E-02    6.6541859108959100E-02    2.5890365774222301E-01 2
   6.5299160134833806E-02    6.4807107891892798E-02    2.7635943056935403E-01 2
   6.1749621002748598E-02    6.1382334842912903E-02    2.9276926624943000E-01 2
   5.6666960161259501E-02    5.6460013102928398E-02    3.0755000473740801E-01 2
   5.0305548050915500E-02    5.0305544057648900E-02    3.2025561226377303E-01 2
   4.5781788277437001E-02    6.2217315338082502E-02    1.8652395593971099E-01 2
   5.0748487510839102E-02    6.9098278187008602E-02    1.9857868850387200E-01 2
   5.4426819877910898E-02    7.4816457401013295E-02    2.1211677209165700E-01 2
   5.6859279566830200E-02    7.8893717377616995E-02    2.2679170005667501E-01 2
   5.8064169466191799E-02    8.0993393069986500E-02    2.4218378400279700E-01 2
   5.8064158660030903E-02    8.0993377670400199E-02    2.5781649217805902E-01 2
   5.6859244315101802E-02    7.8893662937050996E-02    2.7320855085155499E-01 2
   5.4426763277805497E-02    7.4816374521562395E-02    2.8788347087186100E-01 2
   5.0748471941180200E-02    6.9098256685421397E-02    3.0142137109941203E-01 2
   4.5781792779840701E-02    6.2217324550791799E-02    3.1347604587715500E-01 2
   5.7402084135898597E-02   -5.7402084135898597E-02    1.9163139397405499E-01 2
   6.2256605484254698E-02   -4.5782009926565601E-02    1.8656050771700700E-01 2
   6.2414004953961301E-02   -6.2680402717986305E-02    2.0340025105840101E-01 2
   6.9124877476086005E-02   -5.0746998776629602E-02    1.9861133743390399E-01 2
   6.6252089967282296E-02   -6.6722493518011294E-02    2.1606597604236299E-01 2
   7.4829835812258105E-02   -5.4426687774655202E-02    2.1214249803024501E-01 2
   6.8857808109277205E-02   -6.9466720767384998E-02    2.2937626842848000E-01 2
   7.8897377371497407E-02   -5.6861451036502801E-02    2.2680801395963299E-01 2
   7.0174877597158097E-02   -7.0853793341629903E-02    2.4308123275572599E-01 2
   8.0991433624878997E-02   -5.8067670124375602E-02    2.4218939223659899E-01 2
   7.0174866245017703E-02   -7.0853779636043099E-02    2.5691901164871900E-01 2
   8.0991417533854304E-02   -5.8067659126327401E-02    2.5781088609045599E-01 2
   6.8857781258814393E-02   -6.9466682483698999E-02    2.7062395594723199E-01 2
   7.8897322210252099E-02   -5.6861415588430698E-02    2.7319223908123202E-01 2
   6.6252032945897404E-02   -6.6722428770113903E-02    2.8393424868977302E-01 2
   7.4829752142047595E-02   -5.4426631131046399E-02    2.8785774714663898E-01 2
   6.2413984903566699E-02   -6.2680380518024506E-02    2.9659980300159500E-01 2
   6.9124854237056693E-02   -5.0746983128787899E-02    3.0138872432589198E-01 2
   5.7402084135898597E-02   -5.7402084135898597E-02    3.0836860602594501E-01 2
   6.2256612418587098E-02   -4.5782014486460201E-02    3.1343949625638501E-01 2
   6.5995859283061994E-02   -3.3316886731118801E-02    1.8269384359993701E-01 2
   7.4709669339742296E-02   -3.7393547243663498E-02    1.9508533943938100E-01 2
   8.1926370769251494E-02   -4.0331912766113101E-02    2.0934304473163901E-01 2
   8.7060507198337203E-02   -4.2242540345536303E-02    2.2501338884621699E-01 2
   8.9750723299371199E-02   -4.3189720291169700E-02    2.4156948667520400E-01 2
   8.9750706008170103E-02   -4.3189711926652698E-02    2.5843080714796302E-01 2
   8.7060445261255406E-02   -4.2242512861527401E-02    2.7498687858175003E-01 2
   8.1926269965817297E-02   -4.0331867442329299E-02    2.9065720972238701E-01 2
   7.4709637466377904E-02   -3.7393533167791398E-02    3.0491471891020400E-01 2
   6.5995867468704394E-02   -3.3316889910350402E-02    3.1730615532604201E-01 2
   6.8530536424293603E-02   -2.0237081043444499E-02    1.8008712275587899E-01 2
   7.8684095222553596E-02   -2.2936739254823500E-02    1.9277314028900100E-01 2
   8.7026068946682203E-02   -2.4859446437130901E-02    2.0753000243068301E-01 2
   9.2893031090735600E-02   -2.6094688031703100E-02    2.2386310599667500E-01 2
   9.5944875965899595E-02   -2.6702879650289401E-02    2.4117598471751400E-01 2
   9.5944855816478394E-02   -2.6702873215000700E-02    2.5882432162278102E-01 2
   9.2892965414852799E-02   -2.6094667798347199E-02    2.7613717322193898E-01 2
   8.7025956221749898E-02   -2.4859414596951301E-02    2.9247026080343402E-01 2
   7.8684056208046596E-02   -2.2936728302620699E-02    3.0722691799429303E-01 2
   6.8530546014836297E-02   -2.0237084252877700E-02    3.1991287514650502E-01 2
   6.9737694390315699E-02   -6.7876882848636796E-03    1.7868752320116099E-01 2
   8.0730952296273806E-02   -7.8042720213999999E-03    1.9154283174826400E-01 2
   8.9635692439839099E-02   -8.5302702861466805E-03    2.0658596012594599E-01 2
   9.5914096254097803E-02   -9.0019736089833498E-03    2.2326442115408299E-01 2
   9.9155319239387904E-02   -9.2344939495048999E-03    2.4097165831256701E-01 2
   9.9155288445704204E-02   -9.2344901746140105E-03    2.5902861891919099E-01 2
   9.5914034372044404E-02   -9.0019626638316707E-03    2.7673582984514500E-01 2
   8.9635575962818403E-02   -8.5302560202486204E-03    2.9341427381449697E-01 2
   8.0730929688661801E-02   -7.8042673682402804E-03    3.0845719912563102E-01 2
   6.9737703046855101E-02   -6.7876877896064503E-03    3.2131244048429097E-01 2
   6.9676371007436094E-02    6.7879346450582202E-03    1.7862967853492401E-01 2
   8.0721239109873194E-02    7.5428927694437004E-03    1.9148618564221101E-01 2
   8.9665844533201006E-02    8.0428334380612896E-03    2.0653879693426799E-01 2
   9.5966129444847698E-02    8.3483060175252397E-03    2.2323397552014099E-01 2
   9.9217286261013393E-02    8.4929612848937304E-03    2.4096118465178701E-01 2
   9.9217256915424698E-02    8.4929595603701995E-03    2.5903908026793199E-01 2
   9.5966068759022694E-02    8.3483037999668407E-03    2.7676626252584502E-01 2
   8.9665733244301896E-02    8.0428233547687501E-03    2.9346142358406402E-01 2
   8.0721226636677496E-02    7.5428872936604500E-03    3.0851383200795601E-01 2
   6.9676394910695799E-02    6.7879353558515099E-03    3.2137027270916402E-01 2
   6.8433677940083995E-02    2.0238206504851999E-02    1.7999009421622400E-01 2
   7.8702171898234294E-02    2.2660684621028201E-02    1.9267882050571300E-01 2
   8.7122865904487798E-02    2.4340022275792499E-02    2.0745342906391701E-01 2
   9.3060296457853894E-02    2.5398224173057801E-02    2.2381094341078800E-01 2
   9.6149311751350303E-02    2.5912544083233000E-02    2.4115746755941000E-01 2
   9.6149292189053007E-02    2.5912540985390600E-02    2.5884282407271902E-01 2
   9.3060226797794299E-02    2.5398216011454901E-02    2.7618931961450699E-01 2
   8.7122759060075106E-02    2.4339999598813600E-02    2.9254681796037502E-01 2
   7.8702144457490103E-02    2.2660676569880599E-02    3.0732122199904099E-01 2
   6.8433708482922198E-02    2.0238211324756401E-02    3.2000989049880901E-01 2
   6.5917767543252001E-02    3.3317079974704900E-02    1.8261992783915801E-01 2
   7.4789837684763494E-02    3.7113436708188598E-02    1.9501262652829099E-01 2
   8.2146037372664904E-02    3.9814627804527797E-02    2.0927634807861301E-01 2
   8.7382329786081903E-02    4.1551559553022602E-02    2.2496606333905400E-01 2
   9.0129370902058498E-02    4.2407235842809997E-02    2.4155220922260601E-01 2
   9.0129351296719798E-02    4.2407230380601200E-02    2.5844806832695699E-01 2
   8.7382265265561795E-02    4.1551545017005601E-02    2.7503418681021402E-01 2
   8.2145947127469907E-02    3.9814593645108601E-02    2.9072389020063399E-01 2
   7.4789817566959099E-02    3.7113425975103503E-02    3.0498741512615501E-01 2
   6.5917792827560898E-02    3.3317083578153099E-02    3.1738005543776199E-01 2
   6.2217311405911697E-02    4.5781788442115397E-02    1.8652395184293299E-01 2
   6.9299297054666004E-02    5.0474472600309100E-02    1.9857216102952599E-01 2
   7.5159310854031797E-02    5.3924999123177400E-02    2.1210915205725400E-01 2
   7.9346550012211303E-02    5.6199931608712998E-02    2.2678278499274099E-01 2
   8.1504965589675196E-02    5.7323438716236998E-02    2.4217988608686200E-01 2
   8.1504949118237094E-02    5.7323430922200699E-02    2.5782038463650703E-01 2
   7.9346488422570499E-02    5.6199908744224800E-02    2.7321745940389502E-01 2
   7.5159225850538899E-02    5.3924951323901800E-02    2.8789108364018301E-01 2
   6.9299279767304198E-02    5.0474459888405598E-02    3.0142789176768198E-01 2
   6.2217329245870798E-02    4.5781793818589503E-02    3.1347604381996402E-01 2
   5.7402084135898597E-02    5.7402084135898597E-02    1.9163139397405499E-01 2
   6.2680402717986305E-02    6.2414004953961301E-02    2.0340025105840101E-01 2
   6.6722493518011294E-02    6.6252089967282296E-02    2.1606597604236299E-01 2
   6.9466720767384998E-02    6.8857808109277205E-02    2.2937626842848000E-01 2
   7.0853793341629903E-02    7.0174877597158097E-02    2.4308123275572599E-01 2
   7.0853779636043099E-02    7.0174866245017703E-02    2.5691901164871900E-01 2
   6.9466682483698999E-02    6.8857781258814393E-02    2.7062395594723199E-01 2
   6.6722428770113903E-02    6.6252032945897404E-02    2.8393424868977302E-01 2
   6.2680380518024506E-02    6.2413984903566699E-02    2.9659980300159500E-01 2
   5.7402084135898597E-02    5.7402084135898597E-02    3.0836860602594501E-01 2
       899        900        889       1000
       900        890        889       1000
       889        890        990       1000
       889        990        989       1000
       889        989        999       1000
       889        999        899       1000
       898        899        888        999
       899        889        888        999
       888        889        989        999
       888        989        988        999
       888        988        998        999
       888        998        898        999
       897        898        887        998
       898        888        887        998
       887        888        988        998
       887        988        987        998
       887        987        997        998
       887        997        897        998
       896        897        886        997
       897        887        886        997
       886        887        987        997
       886        987        986        997
       886        986        996        997
       886        996        896        997
       895        896        885        996
       896        886        885        996
       885        886        986        996
       885        986        985        996
       885        985        995        996
       885        995        895        996
       894        895        884        995
       895        885        884        995
       884        885        985        995
       884        985        984        995
       884        984        994        995
       884        994        894        995
       893        894        883        994
       894        884        883        994
       883        884        984        994
       883        984        983        994
       883        983        993        994
       883        993        893        994
       892        893        882        993
       893        883        882        993
       882        883        983        993
       882        983        982        993
       882        982        992        993
       882        992        892        993
       891        892        881        992
       892        882        881        992
       881        882        982        992
       881        982        981        992
       881        981        991        992
       881        991        891        992
       889        890        879        990
       890        880        879        990
       879        880        980        990
       879        980        979        990
       879        979        989        990
       879        989        889        990
       888        889        878        989
       889        879        878        989
       878        879        979        989
       878        979        978        989
       878        978        988        989
       878        988        888        989
       887        888        877        988
       888        878        877        988
       877        878        978        988
       877        978        977        988
       877        977        987        988
       877        987        887        988
       886        887        876        987
       887        877        876        987
       876        877        977        987
       876        977        976        987
       876        976        986        987
       876        986        886        987
       885        886        875        986
       886        876        875        986
       875        876        976        986
       875        976        975        986
       875        975        985        986
       875        985        885        986
       884        885        874        985
       885        875        874        985
       874        875        975        985
       874        975        974        985
       874        974        984        985
       874        984        884        985
       883        884        873        984
       884        874        873        984
       873        874        974        984
       873        974        973        984
       873        973        983        984
       873        983        883        984
       882        883        872        983
       883        873        872        983
       872        873        973        983
       872        973        972        983
       872        972        982        983
       872        982        882        983
       881        882        871        982
       882        872        871        982
       871        872        972        982
       871        972        971        982
       871        971        981        982
       871        981        881        982
       879        880        869        980
       880        870        869        980
       869        870        970        980
       869        970        969        980
       869        969        979        980
       869        979        879        980
       878        879        868        979
       879        869        868        979
       868        869        969        979
       868        969        968        979
       868        968        978        979
       868        978        878        979
       877        878        867        978
       878        868        867        978
       867        868        968        978
       867        968        967        978
       867        967        977        978
       867        977        877        978
       876        877        866        977
       877        867        866        977
       866        867        967        977
       866        967        966        977
       866        966        976        977
       866        976        876        977
       875        876        865        976
       876        866        865        976
       865        866        966        976
       865        966        965        976
       865        965        975        976
       865        975        875        976
       874        875        864        975
       875        865        864        975
       864        865        965        975
       864        965        964        975
       864        964        974        975
       864        974        874        975
       873        874        863        974
       874        864        863        974
       863        864        964        974
       863        964        963        974
       863        963        973        974
       863        973        873        974
       872        873        862        973
       873        863        862        973
       862        863        963        973
       862        963        962        973
       862        962        972        973
       862        972        872        973
       871        872        861        972
       872        862        861        972
       861        862        962        972
       861        962        961        972
       861        961        971        972
       861        971        871        972
       869        870        859        970
       870        860        859        970
       859        860        960        970
       859        960        959        970
       859        959        969        970
       859        969        869        970
       868        869        858        969
       869        859        858        969
       858        859        959        969
       858        959        958        969
       858        958        968        969
       858        968        868        969
       867        868        857        968
       868        858        857        968
       857        858        958        968
       857        958        957        968
       857        957        967        968
       857        967        867        968
       866        867        856        967
       867        857        856        967
       856        857        957        967
       856        957        956        967
       856        956        966        967
       856        966        866        967
       865        866        855        966
       866        856        855        966
       855        856        956        966
       855        956        955        966
       855        955        965        966
       855        965        865        966
       864        865        854        965
       865        855        854        965
       854        855        955        965
       854        955        954        965
       854        954        964        965
       854        964        864        965
       863        864        853        964
       864        854        853        964
       853        854        954        964
       853        954        953        964
       853        953        963        964
       853        963        863        964
       862        863        852        963
       863        853        852        963
       852        853        953        963
       852        953        952        963
       852        952        962        963
       852        962        862        963
       861        862        851        962
       862        852        851        962
       851        852        952        962
       851        952        951        962
       851        951        961        962
       851        961        861        962
       859        860        849        960
       860        850        849        960
       849        850        950        960
       849        950        949        960
       849        949        959        960
       849        959        859        960
       858        859        848        959
       859        849        848        959
       848        849        949        959
       848        949        948        959
       848        948        958        959
       848        958        858        959
       857        858        847        958
       858        848        847        958
       847        848        948        958
       847        948        947        958
       847        947        957        958
       847        957        857        958
       856        857        846        957
       857        847        846        957
       846        847        947        957
       846        947        946        957
       846        946        956        957
       846        956        856        957
       855        856        845        956
       856        846        845        956
       845        846        946        956
       845        946        945        956
       845        945        955        956
       845        955        855        956
       854        855        844        955
       855        845        844        955
       844        845        945        955
       844        945        944        955
       844        944        954        955
       844        954        854        955
       853        854        843        954
       854        844        843        954
       843        844        944        954
       843        944        943        954
       843        943        953        954
       843        953        853        954
       852        853        842        953
       853        843        842        953
       842        843        943        953
       842        943        942        953
       842        942        952        953
       842        952        852        953
       851        852        841        952
       852        842        841        952
       841        842        942        952
       841        942        941        952
       841        941        951        952
       841        951        851        952
       849        850        839        950
       850        840        839        950
       839        840        940        950
       839        940        939        950
       839        939        949        950
       839        949        849        950
       848        849        838        949
       849        839        838        949
       838        839        939        949
       838        939        938        949
       838        938        948        949
       838        948        848        949
       847        848        837        948
       848        838        837        948
       837        838        938        948
       837        938        937        948
       837        937        947        948
       837        947        847        948
       846        847        836        947
       847        837        836        947
       836        837        937        947
       836        937        936        947
       836        936        946        947
       836        946        846        947
       845        846        835        946
       846        836        835        946
       835        836        936        946
       835        936        935        946
       835        935        945        946
       835        945        845        946
       844        845        834        945
       845        835        834        945
       834        835        935        945
       834        935        934        945
       834        934        944        945
       834        944        844        945
       843        844        833        944
       844        834        833        944
       833        834        934        944
       833        934        933        944
       833        933        943        944
       833        943        843        944
       842        843        832        943
       843        833        832        943
       832        833        933        943
       832        933        932        943
       832        932        942        943
       832        942        842        943
       841        842        831        942
       842        832        831        942
       831        832        932        942
       831        932        931        942
       831        931        941        942
       831        941        841        942
       839        840        829        940
       840        830        829        940
       829        830        930        940
       829        930        929        940
       829        929        939        940
       829        939        839        940
       838        839        828        939
       839        829        828        939
       828        829        929        939
       828        929        928        939
       828        928        938        939
       828        938        838        939
       837        838        827        938
       838        828        827        938
       827        828        928        938
       827        928        927        938
       827        927        937        938
       827        937        837        938
       836        837        826        937
       837        827        826        937
       826        827        927        937
       826        927        926        937
       826        926        936        937
       826        936        836        937
       835        836        825        936
       836        826        825        936
       825        826        926        936
       825        926        925        936
       825        925        935        936
       825        935        835        936
       834        835        824        935
       835        825        824        935
       824        825        925        935
       824        925        924        935
       824        924        934        935
       824        934        834        935
       833        834        823        934
       834        824        823        934
       823        824        924        934
       823        924        923        934
       823        923        933        934
       823        933        833        934
       832        833        822        933
       833        823        822        933
       822        823        923        933
       822        923        922        933
       822        922        932        933
       822        932        832        933
       831        832        821        932
       832        822        821        932
       821        822        922        932
       821        922        921        932
       821        921        931        932
       821        931        831        932
       829        830        818        930
       830        820        818        930
       818        820        920        930
       818        920        918        930
       818        918        929        930
       818        929        829        930
       828        829        816        929
       829        818        816        929
       816        818        918        929
       816        918        916        929
       816        916        928        929
       816        928        828        929
       827        828        814        928
       828        816        814        928
       814        816        916        928
       814        916        914        928
       814        914        927        928
       814        927        827        928
       826        827        812        927
       827        814        812        927
       812        814        914        927
       812        914        912        927
       812        912        926        927
       812        926        826        927
       825        826        810        926
       826        812        810        926
       810        812        912        926
       810        912        910        926
       810        910        925        926
       810        925        825        926
       824        825        808        925
       825        810        808        925
       808        810        910        925
       808        910        908        925
       808        908        924        925
       808        924        824        925
       823        824        806        924
       824        808        806        924
       806        808        908        924
       806        908        906        924
       806        906        923        924
       806        923        823        924
       822        823        804        923
       823        806        804        923
       804        806        906        923
       804        906        904        923
       804        904        922        923
       804        922        822        923
       821        822        802        922
       822        804        802        922
       802        804        904        922
       802        904        902        922
       802        902        921        922
       802        921        821        922
       818        820        817        920
       820        819        817        920
       817        819        919        920
       817        919        917        920
       817        917        918        920
       817        918        818        920
       816        818        815        918
       818        817        815        918
       815        817        917        918
       815        917        915        918
       815        915        916        918
       815        916        816        918
       814        816        813        916
       816        815        813        916
       813        815        915        916
       813        915        913        916
       813        913        914        916
       813        914        814        916
       812        814        811        914
       814        813        811        914
       811        813        913        914
       811        913        911        914
       811        911        912        914
       811        912        812        914
       810        812        809        912
       812        811        809        912
       809        811        911        912
       809        911        909        912
       809        909        910        912
       809        910        810        912
       808        810        807        910
       810        809        807        910
       807        809        909        910
       807        909        907        910
       807        907        908        910
       807        908        808        910
       806        808        805        908
       808        807        805        908
       805        807        907        908
       805        907        905        908
       805        905        906        908
       805        906        806        908
       804        806        803        906
       806        805        803        906
       803        805        905        906
       803        905        903        906
       803        903        904        906
       803        904        804        906
       802        804        801        904
       804        803        801        904
       801        803        903        904
       801        903        901        904
       801        901        902        904
       801        902        802        904
       799        800        789        900
       800        790        789        900
       789        790        890        900
       789        890        889        900
       789        889        899        900
       789        899        799        900
       798        799        788        899
       799        789        788        899
       788        789        889        899
       788        889        888        899
       788        888        898        899
       788        898        798        899
       797        798        787        898
       798        788        787        898
       787        788        888        898
       787        888        887        898
       787        887        897        898
       787        897        797        898
       796        797        786        897
       797        787        786        897
       786        787        887        897
       786        887        886        897
       786        886        896        897
       786        896        796        897
       795        796        785        896
       796        786        785        896
       785        786        886        896
       785        886        885        896
       785        885        895        896
       785        895        795        896
       794        795        784        895
       795        785        784        895
       784        785        885        895
       784        885        884        895
       784        884        894        895
       784        894        794        895
       793        794        783        894
       794        784        783        894
       783        784        884        894
       783        884        883        894
       783        883        893        894
       783        893        793        894
       792        793        782        893
       793        783        782        893
       782        783        883        893
       782        883        882        893
       782        882        892        893
       782        892        792        893
       791        792        781        892
       792        782        781        892
       781        782        882        892
       781        882        881        892
       781        881        891        892
       781        891        791        892
       789        790        779        890
       790        780        779        890
       779        780        880        890
       779        880        879        890
       779        879        889        890
       779        889        789        890
       788        789        778        889
       789        779        778        889
       778        779        879        889
       778        879        878        889
       778        878        888        889
       778        888        788        889
       787        788        777        888
       788        778        777        888
       777        778        878        888
       777        878        877        888
       777        877        887        888
       777        887        787        888
       786        787        776        887
       787        777        776        887
       776        777        877        887
       776        877        876        887
       776        876        886        887
       776        886        786        887
       785        786        775        886
       786        776        775        886
       775        776        876        886
       775        876        875        886
       775        875        885        886
       775        885        785        886
       784        785        774        885
       785        775        774        885
       774        775        875        885
       774        875        874        885
       774        874        884        885
       774        884        784        885
       783        784        773        884
       784        774        773        884
       773        774        874        884
       773        874        873        884
       773        873        883        884
       773        883        783        884
       782        783        772        883
       783        773        772        883
       772        773        873        883
       772        873        872        883
       772        872        882        883
       772        882        782        883
       781        782        771        882
       782        772        771        882
       771        772        872        882
       771        872        871        882
       771        871        881        882
       771        881        781        882
       779        780        769        880
       780        770        769        880
       769        770        870        880
       769        870        869        880
       769        869        879        880
       769        879        779        880
       778        779        768        879
       779        769        768        879
       768        769        869        879
       768        869        868        879
       768        868        878        879
       768        878        778        879
       777        778        767        878
       778        768        767        878
       767        768        868        878
       767        868        867        878
       767        867        877        878
       767        877        777        878
       776        777        766        877
       777        767        766        877
       766        767        867        877
       766        867        866        877
       766        866        876        877
       766        876        776        877
       775        776        765        876
       776        766        765        876
       765        766        866        876
       765        866        865        876
       765        865        875        876
       765        875        775        876
       774        775        764        875
       775        765        764        875
       764        765        865        875
       764        865        864        875
       764        864        874        875
       764        874        774        875
       773        774        763        874
       774        764        763        874
       763        764        864        874
       763        864        863        874
       763        863        873        874
       763        873        773        874
       772        773        762        873
       773        763        762        873
       762        763        863        873
       762        863        862        873
       762        862        872        873
       762        872        772        873
       771        772        761        872
       772        762        761        872
       761        762        862        872
       761        862        861        872
       761        861        871        872
       761        871        771        872
       769        770        759        870
       770        760        759        870
       759        760        860        870
       759        860        859        870
       759        859        869        870
       759        869        769        870
       768        769        758        869
       769        759        758        869
       758        759        859        869
       758        859        858        869
       758        858        868        869
       758        868        768        869
       767        768        757        868
       768        758        757        868
       757        758        858        868
       757        858        857        868
       757        857        867        868
       757        867        767        868
       766        767        756        867
       767        757        756        867
       756        757        857        867
       756        857        856        867
       756        856        866        867
       756        866        766        867
       765        766        755        866
       766        756        755        866
       755        756        856        866
       755        856        855        866
       755        855        865        866
       755        865        765        866
       764        765        754        865
       765        755        754        865
       754        755        855        865
       754        855        854        865
       754        854        864        865
       754        864        764        865
       763        764        753        864
       764        754        753        864
       753        754        854        864
       753        854        853        864
       753        853        863        864
       753        863        763        864
       762        763        752        863
       763        753        752        863
       752        753        853        863
       752        853        852        863
       752        852        862        863
       752        862        762        863
       761        762        751        862
       762        752        751        862
       751        752        852        862
       751        852        851        862
       751        851        861        862
       751        861        761        862
       759        760        749        860
       760        750        749        860
       749        750        850        860
       749        850        849        860
       749        849        859        860
       749        859        759        860
       758        759        748        859
       759        749        748        859
       748        749        849        859
       748        849        848        859
       748        848        858        859
       748        858        758        859
       757        758        747        858
       758        748        747        858
       747        748        848        858
       747        848        847        858
       747        847        857        858
       747        857        757        858
       756        757        746        857
       757        747        746        857
       746        747        847        857
       746        847        846        857
       746        846        856        857
       746        856        756        857
       755        756        745        856
       756        746        745        856
       745        746        846        856
       745        846        845        856
       745        845        855        856
       745        855        755        856
       754        755        744        855
       755        745        744        855
       744        745        845        855
       744        845        844        855
       744        844        854        855
       744        854        754        855
       753        754        743        854
       754        744        743        854
       743        744        844        854
       743        844        843        854
       743        843        853        854
       743        853        753        854
       752        753        742        853
       753        743        742        853
       742        743        843        853
       742        843        842        853
       742        842        852        853
       742        852        752        853
       751        752        741        852
       752        742        741        852
       741        742        842        852
       741        842        841        852
       741        841        851        852
       741        851        751        852
       749        750        739        850
       750        740        739        850
       739        740        840        850
       739        840        839        850
       739        839        849        850
       739        849        749        850
       748        749        738        849
       749        739        738        849
       738        739        839        849
       738        839        838        849
       738        838        848        849
       738        848        748        849
       747        748        737        848
       748        738        737        848
       737        738        838        848
       737        838        837        848
       737        837        847        848
       737        847        747        848
       746        747        736        847
       747        737        736        847
       736        737        837        847
       736        837        836        847
       736        836        846        847
       736        846        746        847
       745        746        735        846
       746        736        735        846
       735        736        836        846
       735        836        835        846
       735        835        845        846
       735        845        745        846
       744        745        734        845
       745        735        734        845
       734        735        835        845
       734        835        834        845
       734        834        844        845
       734        844        744        845
       743        744        733        844
       744        734        733        844
       733        734        834        844
       733        834        833        844
       733        833        843        844
       733        843        743        844
       742        743        732        843
       743        733        732        843
       732        733        833        843
       732        833        832        843
       732        832        842        843
       732        842        742        843
       741        742        731        842
       742        732        731        842
       731        732        832        842
       731        832        831        842
       731        831        841        842
       731        841        741        842
       739        740        729        840
       740        730        729        840
       729        730        830        840
       729        830        829        840
       729        829        839        840
       729        839        739        840
       738        739        728        839
       739        729        728        839
       728        729        829        839
       728        829        828        839
       728        828        838        839
       728        838        738        839
       737        738        727        838
       738        728        727        838
       727        728        828        838
       727        828        827        838
       727        827        837        838
       727        837        737        838
       736        737        726        837
       737        727        726        837
       726        727        827        837
       726        827        826        837
       726        826        836        837
       726        836        736        837
       735        736        725        836
       736        726        725        836
       725        726        826        836
       725        826        825        836
       725        825        835        836
       725        835        735        836
       734        735        724        835
       735        725        724        835
       724        725        825        835
       724        825        824        835
       724        824        834        835
       724        834        734        835
       733        734        723        834
       734        724        723        834
       723        724        824        834
       723        824        823        834
       723        823        833        834
       723        833        733        834
       732        733        722        833
       733        723        722        833
       722        723        823        833
       722        823        822        833
       722        822        832        833
       722        832        732        833
       731        732        721        832
       732        722        721        832
       721        722        822        832
       721        822        821        832
       721        821        831        832
       721        831        731        832
       729        730        718        830
       730        720        718        830
       718        720        820        830
       718        820        818        830
       718        818        829        830
       718        829        729        830
       728        729        716        829
       729        718        716        829
       716        718        818        829
       716        818        816        829
       716        816        828        829
       716        828        728        829
       727        728        714        828
       728        716        714        828
       714        716        816        828
       714        816        814        828
       714        814        827        828
       714        827        727        828
       726        727        712        827
       727        714        712        827
       712        714        814        827
       712        814        812        827
       712        812        826        827
       712        826        726        827
       725        726        710        826
       726        712        710        826
       710        712        812        826
       710        812        810        826
       710        810        825        826
       710        825        725        826
       724        725        708        825
       725        710        708        825
       708        710        810        825
       708        810        808        825
       708        808        824        825
       708        824        724        825
       723        724        706        824
       724        708        706        824
       706        708        808        824
       706        808        806        824
       706        806        823        824
       706        823        723        824
       722        723        704        823
       723        706        704        823
       704        706        806        823
       704        806        804        823
       704        804        822        823
       704        822        722        823
       721        722        702        822
       722        704        702        822
       702        704        804        822
       702        804        802        822
       702        802        821        822
       702        821        721        822
       718        720        717        820
       720        719        717        820
       717        719        819        820
       717        819        817        820
       717        817        818        820
       717        818        718        820
       716        718        715        818
       718        717        715        818
       715        717        817        818
       715        817        815        818
       715        815        816        818
       715        816        716        818
       714        716        713        816
       716        715        713        816
       713        715        815        816
       713        815        813        816
       713        813        814        816
       713        814        714        816
       712        714        711        814
       714        713        711        814
       711        713        813        814
       711        813        811        814
       711        811        812        814
       711        812        712        814
       710        712        709        812
       712        711        709        812
       709        711        811        812
       709        811        809        812
       709        809        810        812
       709        810        710        812
       708        710        707        810
       710        709        707        810
       707        709        809        810
       707        809        807        810
       707        807        808        810
       707        808        708        810
       706        708        705        808
       708        707        705        808
       705        707        807        808
       705        807        805        808
       705        805        806        808
       705        806        706        808
       704        706        703        806
       706        705        703        806
       703        705        805        806
       703        805        803        806
       703        803        804        806
       703        804        704        806
       702        704        701        804
       704        703        701        804
       701        703        803        804
       701        803        801        804
       701        801        802        804
       701        802        702        804
       699        700        689        800
       700        690        689        800
       689        690        790        800
       689        790        789        800
       689        789        799        800
       689        799        699        800
       698        699        688        799
       699        689        688        799
       688        689        789        799
       688        789        788        799
       688        788        798        799
       688        798        698        799
       697        698        687        798
       698        688        687        798
       687        688        788        798
       687        788        787        798
       687        787        797        798
       687        797        697        798
       696        697        686        797
       697        687        686        797
       686        687        787        797
       686        787        786        797
       686        786        796        797
       686        796        696        797
       695        696        685        796
       696        686        685        796
       685        686        786        796
       685        786        785        796
       685        785        795        796
       685        795        695        796
       694        695        684        795
       695        685        684        795
       684        685        785        795
       684        785        784        795
       684        784        794        795
       684        794        694        795
       693        694        683        794
       694        684        683        794
       683        684        784        794
       683        784        783        794
       683        783        793        794
       683        793        693        794
       692        693        682        793
       693        683        682        793
       682        683        783        793
       682        783        782        793
       682        782        792        793
       682        792        692        793
       691        692        681        792
       692        682        681        792
       681        682        782        792
       681        782        781        792
       681        781        791        792
       681        791        691        792
       689        690        679        790
       690        680        679        790
       679        680        780        790
       679        780        779        790
       679        779        789        790
       679        789        689        790
       688        689        678        789
       689        679        678        789
       678        679        779        789
       678        779        778        789
       678        778        788        789
       678        788        688        789
       687        688        677        788
       688        678        677        788
       677        678        778        788
       677        778        777        788
       677        777        787        788
       677        787        687        788
       686        687        676        787
       687        677        676        787
       676        677        777        787
       676        777        776        787
       676        776        786        787
       676        786        686        787
       685        686        675        786
       686        676        675        786
       675        676        776        786
       675        776        775        786
       675        775        785        786
       675        785        685        786
       684        685        674        785
       685        675        674        785
       674        675        775        785
       674        775        774        785
       674        774        784        785
       674        784        684        785
       683        684        673        784
       684        674        673        784
       673        674        774        784
       673        774        773        784
       673        773        783        784
       673        783        683        784
       682        683        672        783
       683        673        672        783
       672        673        773        783
       672        773        772        783
       672        772        782        783
       672        782        682        783
       681        682        671        782
       682        672        671        782
       671        672        772        782
       671        772        771        782
       671        771        781        782
       671        781        681        782
       679        680        669        780
       680        670        669        780
       669        670        770        780
       669        770        769        780
       669        769        779        780
       669        779        679        780
       678        679        668        779
       679        669        668        779
       668        669        769        779
       668        769        768        779
       668        768        778        779
       668        778        678        779
       677        678        667        778
       678        668        667        778
       667        668        768        778
       667        768        767        778
       667        767        777        778
       667        777        677        778
       676        677        666        777
       677        667        666        777
       666        667        767        777
       666        767        766        777
       666        766        776        777
       666        776        676        777
       675        676        665        776
       676        666        665        776
       665        666        766        776
       665        766        765        776
       665        765        775        776
       665        775        675        776
       674        675        664        775
       675        665        664        775
       664        665        765        775
       664        765        764        775
       664        764        774        775
       664        774        674        775
       673        674        663        774
       674        664        663        774
       663        664        764        774
       663        764        763        774
       663        763        773        774
       663        773        673        774
       672        673        662        773
       673        663        662        773
       662        663        763        773
       662        763        762        773
       662        762        772        773
       662        772        672        773
       671        672        661        772
       672        662        661        772
       661        662        762        772
       661        762        761        772
       661        761        771        772
       661        771        671        772
       669        670        659        770
       670        660        659        770
       659        660        760        770
       659        760        759        770
       659        759        769        770
       659        769        669        770
       668        669        658        769
       669        659        658        769
       658        659        759        769
       658        759        758        769
       658        758        768        769
       658        768        668        769
       667        668        657        768
       668        658        657        768
       657        658        758        768
       657        758        757        768
       657        757        767        768
       657        767        667        768
       666        667        656        767
       667        657        656        767
       656        657        757        767
       656        757        756        767
       656        756        766        767
       656        766        666        767
       665        666        655        766
       666        656        655        766
       655        656        756        766
       655        756        755        766
       655        755        765        766
       655        765        665        766
       664        665        654        765
       665        655        654        765
       654        655        755        765
       654        755        754        765
       654        754        764        765
       654        764        664        765
       663        664        653        764
       664        654        653        764
       653        654        754        764
       653        754        753        764
       653        753        763        764
       653        763        663        764
       662        663        652        763
       663        653        652        763
       652        653        753        763
       652        753        752        763
       652        752        762        763
       652        762        662        763
       661        662        651        762
       662        652        651        762
       651        652        752        762
       651        752        751        762
       651        751        761        762
       651        761        661        762
       659        660        649        760
       660        650        649        760
       649        650        750        760
       649        750        749        760
       649        749        759        760
       649        759        659        760
       658        659        648        759
       659        649        648        759
       648        649        749        759
       648        749        748        759
       648        748        758        759
       648        758        658        759
       657        658        647        758
       658        648        647        758
       647        648        748        758
       647        748        747        758
       647        747        757        758
       647        757        657        758
       656        657        646        757
       657        647        646        757
       646        647        747        757
       646        747        746        757
       646        746        756        757
       646        756        656        757
       655        656        645        756
       656        646        645        756
       645        646        746        756
       645        746        745        756
       645        745        755        756
       645        755        655        756
       654        655        644        755
       655        645        644        755
       644        645        745        755
       644        745        744        755
       644        744        754        755
       644        754        654        755
       653        654        643        754
       654        644        643        754
       643        644        744        754
       643        744        743        754
       643        743        753        754
       643        753        653        754
       652        653        642        753
       653        643        642        753
       642        643        743        753
       642        743        742        753
       642        742        752        753
       642        752        652        753
       651        652        641        752
       652        642        641        752
       641        642        742        752
       641        742        741        752
       641        741        751        752
       641        751        651        752
       649        650        639        750
       650        640        639        750
       639        640        740        750
       639        740        739        750
       639        739        749        750
       639        749        649        750
       648        649        638        749
       649        639        638        749
       638        639        739        749
       638        739        738        749
       638        738        748        749
       638        748        648        749
       647        648        637        748
       648        638        637        748
       637        638        738        748
       637        738        737        748
       637        737        747        748
       637        747        647        748
       646        647        636        747
       647        637        636        747
       636        637        737        747
       636        737        736        747
       636        736        746        747
       636        746        646        747
       645        646        635        746
       646        636        635        746
       635        636        736        746
       635        736        735        746
       635        735        745        746
       635        745        645        746
       644        645        634        745
       645        635        634        745
       634        635        735        745
       634        735        734        745
       634        734        744        745
       634        744        644        745
       643        644        633        744
       644        634        633        744
       633        634        734        744
       633        734        733        744
       633        733        743        744
       633        743        643        744
       642        643        632        743
       643        633        632        743
       632        633        733        743
       632        733        732        743
       632        732        742        743
       632        742        642        743
       641        642        631        742
       642        632        631        742
       631        632        732        742
       631        732        731        742
       631        731        741        742
       631        741        641        742
       639        640        629        740
       640        630        629        740
       629        630        730        740
       629        730        729        740
       629        729        739        740
       629        739        639        740
       638        639        628        739
       639        629        628        739
       628        629        729        739
       628        729        728        739
       628        728        738        739
       628        738        638        739
       637        638        627        738
       638        628        627        738
       627        628        728        738
       627        728        727        738
       627        727        737        738
       627        737        637        738
       636        637        626        737
       637        627        626        737
       626        627        727        737
       626        727        726        737
       626        726        736        737
       626        736        636        737
       635        636        625        736
       636        626        625        736
       625        626        726        736
       625        726        725        736
       625        725        735        736
       625        735        635        736
       634        635        624        735
       635        625        624        735
       624        625        725        735
       624        725        724        735
       624        724        734        735
       624        734        634        735
       633        634        623        734
       634        624        623        734
       623        624        724        734
       623        724        723        734
       623        723        733        734
       623        733        633        734
       632        633        622        733
       633        623        622        733
       622        623        723        733
       622        723        722        733
       622        722        732        733
       622        732        632        733
       631        632        621        732
       632        622        621        732
       621        622        722        732
       621        722        721        732
       621        721        731        732
       621        731        631        732
       629        630        618        730
       630        620        618        730
       618        620        720        730
       618        720        718        730
       618        718        729        730
       618        729        629        730
       628        629        616        729
       629        618        616        729
       616        618        718        729
       616        718        716        729
       616        716        728        729
       616        728        628        729
       627        628        614        728
       628        616        614        728
       614        616        716        728
       614        716        714        728
       614        714        727        728
       614        727        627        728
       626        627        612        727
       627        614        612        727
       612        614        714        727
       612        714        712        727
       612        712        726        727
       612        726        626        727
       625        626        610        726
       626        612        610        726
       610        612        712        726
       610        712        710        726
       610        710        725        726
       610        725        625        726
       624        625        608        725
       625        610        608        725
       608        610        710        725
       608        710        708        725
       608        708        724        725
       608        724        624        725
       623        624        606        724
       624        608        606        724
       606        608        708        724
       606        708        706        724
       606        706        723        724
       606        723        623        724
       622        623        604        723
       623        606        604        723
       604        606        706        723
       604        706        704        723
       604        704        722        723
       604        722        622        723
       621        622        602        722
       622        604        602        722
       602        604        704        722
       602        704        702        722
       602        702        721        722
       602        721        621        722
       618        620        617        720
       620        619        617        720
       617        619        719        720
       617        719        717        720
       617        717        718        720
       617        718        618        720
       616        618        615        718
       618        617        615        718
       615        617        717        718
       615        717        715        718
       615        715        716        718
       615        716        616        718
       614        616        613        716
       616        615        613        716
       613        615        715        716
       613        715        713        716
       613        713        714        716
       613        714        614        716
       612        614        611        714
       614        613        611        714
       611        613        713        714
       611        713        711        714
       611        711        712        714
       611        712        612        714
       610        612        609        712
       612        611        609        712
       609        611        711        712
       609        711        709        712
       609        709        710        712
       609        710        610        712
       608        610        607        710
       610        609        607        710
       607        609        709        710
       607        709        707        710
       607        707        708        710
       607        708        608        710
       606        608        605        708
       608        607        605        708
       605        607        707        708
       605        707        705        708
       605        705        706        708
       605        706        606        708
       604        606        603        706
       606        605        603        706
       603        605        705        706
       603        705        703        706
       603        703        704        706
       603        704        604        706
       602        604        601        704
       604        603        601        704
       601        603        703        704
       601        703        701        704
       601        701        702        704
       601        702        602        704
       599        600        589        700
       600        590        589        700
       589        590        690        700
       589        690        689        700
       589        689        699        700
       589        699        599        700
       598        599        588        699
       599        589        588        699
       588        589        689        699
       588        689        688        699
       588        688        698        699
       588        698        598        699
       597        598        587        698
       598        588        587        698
       587        588        688        698
       587        688        687        698
       587        687        697        698
       587        697        597        698
       596        597        586        697
       597        587        586        697
       586        587        687        697
       586        687        686        697
       586        686        696        697
       586        696        596        697
       595        596        585        696
       596        586        585        696
       585        586        686        696
       585        686        685        696
       585        685        695        696
       585        695        595        696
       594        595        584        695
       595        585        584        695
       584        585        685        695
       584        685        684        695
       584        684        694        695
       584        694        594        695
       593        594        583        694
       594        584        583        694
       583        584        684        694
       583        684        683        694
       583        683        693        694
       583        693        593        694
       592        593        582        693
       593        583        582        693
       582        583        683        693
       582        683        682        693
       582        682        692        693
       582        692        592        693
       591        592        581        692
       592        582        581        692
       581        582        682        692
       581        682        681        692
       581        681        691        692
       581        691        591        692
       589        590        579        690
       590        580        579        690
       579        580        680        690
       579        680        679        690
       579        679        689        690
       579        689        589        690
       588        589        578        689
       589        579        578        689
       578        579        679        689
       578        679        678        689
       578        678        688        689
       578        688        588        689
       587        588        577        688
       588        578        577        688
       577        578        678        688
       577        678        677        688
       577        677        687        688
       577        687        587        688
       586        587        576        687
       587        577        576        687
       576        577        677        687
       576        677        676        687
       576        676        686        687
       576        686        586        687
       585        586        575        686
       586        576        575        686
       575        576        676        686
       575        676        675        686
       575        675        685        686
       575        685        585        686
       584        585        574        685
       585        575        574        685
       574        575        675        685
       574        675        674        685
       574        674        684        685
       574        684        584        685
       583        584        573        684
       584        574        573        684
       573        574        674        684
       573        674        673        684
       573        673        683        684
       573        683        583        684
       582        583        572        683
       583        573        572        683
       572        573        673        683
       572        673        672        683
       572        672        682        683
       572        682        582        683
       581        582        571        682
       582        572        571        682
       571        572        672        682
       571        672        671        682
       571        671        681        682
       571        681        581        682
       579        580        569        680
       580        570        569        680
       569        570        670        680
       569        670        669        680
       569        669        679        680
       569        679        579        680
       578        579        568        679
       579        569        568        679
       568        569        669        679
       568        669        668        679
       568        668        678        679
       568        678        578        679
       577        578        567        678
       578        568        567        678
       567        568        668        678
       567        668        667        678
       567        667        677        678
       567        677        577        678
       576        577        566        677
       577        567        566        677
       566        567        667        677
       566        667        666        677
       566        666        676        677
       566        676        576        677
       575        576        565        676
       576        566        565        676
       565        566        666        676
       565        666        665        676
       565        665        675        676
       565        675        575        676
       574        575        564        675
       575        565        564        675
       564        565        665        675
       564        665        664        675
       564        664        674        675
       564        674        574        675
       573        574        563        674
       574        564        563        674
       563        564        664        674
       563        664        663        674
       563        663        673        674
       563        673        573        674
       572        573        562        673
       573        563        562        673
       562        563        663        673
       562        663        662        673
       562        662        672        673
       562        672        572        673
       571        572        561        672
       572        562        561        672
       561        562        662        672
       561        662        661        672
       561        661        671        672
       561        671        571        672
       569        570        559        670
       570        560        559        670
       559        560        660        670
       559        660        659        670
       559        659        669        670
       559        669        569        670
       568        569        558        669
       569        559        558        669
       558        559        659        669
       558        659        658        669
       558        658        668        669
       558        668        568        669
       567        568        557        668
       568        558        557        668
       557        558        658        668
       557        658        657        668
       557        657        667        668
       557        667        567        668
       566        567        556        667
       567        557        556        667
       556        557        657        667
       556        657        656        667
       556        656        666        667
       556        666        566        667
       565        566        555        666
       566        556        555        666
       555        556        656        666
       555        656        655        666
       555        655        665        666
       555        665        565        666
       564        565        554        665
       565        555        554        665
       554        555        655        665
       554        655        654        665
       554        654        664        665
       554        664        564        665
       563        564        553        664
       564        554        553        664
       553        554        654        664
       553        654        653        664
       553        653        663        664
       553        663        563        664
       562        563        552        663
       563        553        552        663
       552        553        653        663
       552        653        652        663
       552        652        662        663
       552        662        562        663
       561        562        551        662
       562        552        551        662
       551        552        652        662
       551        652        651        662
       551        651        661        662
       551        661        561        662
       559        560        549        660
       560        550        549        660
       549        550        650        660
       549        650        649        660
       549        649        659        660
       549        659        559        660
       558        559        548        659
       559        549        548        659
       548        549        649        659
       548        649        648        659
       548        648        658        659
       548        658        558        659
       557        558        547        658
       558        548        547        658
       547        548        648        658
       547        648        647        658
       547        647        657        658
       547        657        557        658
       556        557        546        657
       557        547        546        657
       546        547        647        657
       546        647        646        657
       546        646        656        657
       546        656        556        657
       555        556        545        656
       556        546        545        656
       545        546        646        656
       545        646        645        656
       545        645        655        656
       545        655        555        656
       554        555        544        655
       555        545        544        655
       544        545        645        655
       544        645        644        655
       544        644        654        655
       544        654        554        655
       553        554        543        654
       554        544        543        654
       543        544        644        654
       543        644        643        654
       543        643        653        654
       543        653        553        654
       552        553        542        653
       553        543        542        653
       542        543        643        653
       542        643        642        653
       542        642        652        653
       542        652        552        653
       551        552        541        652
       552        542        541        652
       541        542        642        652
       541        642        641        652
       541        641        651        652
       541        651        551        652
       549        550        539        650
       550        540        539        650
       539        540        640        650
       539        640        639        650
       539        639        649        650
       539        649        549        650
       548        549        538        649
       549        539        538        649
       538        539        639        649
       538        639        638        649
       538        638        648        649
       538        648        548        649
       547        548        537        648
       548        538        537        648
       537        538        638        648
       537        638        637        648
       537        637        647        648
       537        647        547        648
       546        547        536        647
       547        537        536        647
       536        537        637        647
       536        637        636        647
       536        636        646        647
       536        646        546        647
       545        546        535        646
       546        536        535        646
       535        536        636        646
       535        636        635        646
       535        635        645        646
       535        645        545        646
       544        545        534        645
       545        535        534        645
       534        535        635        645
       534        635        634        645
       534        634        644        645
       534        644        544        645
       543        544        533        644
       544        534        533        644
       533        534        634        644
       533        634        633        644
       533        633        643        644
       533        643        543        644
       542        543        532        643
       543        533        532        643
       532        533        633        643
       532        633        632        643
       532        632        642        643
       532        642        542        643
       541        542        531        642
       542        532        531        642
       531        532        632        642
       531        632        631        642
       531        631        641        642
       531        641        541        642
       539        540        529        640
       540        530        529        640
       529        530        630        640
       529        630        629        640
       529        629        639        640
       529        639        539        640
       538        539        528        639
       539        529        528        639
       528        529        629        639
       528        629        628        639
       528        628        638        639
       528        638        538        639
       537        538        527        638
       538        528        527        638
       527        528        628        638
       527        628        627        638
       527        627        637        638
       527        637        537        638
       536        537        526        637
       537        527        526        637
       526        527        627        637
       526        627        626        637
       526        626        636        637
       526        636        536        637
       535        536        525        636
       536        526        525        636
       525        526        626        636
       525        626        625        636
       525        625        635        636
       525        635        535        636
       534        535        524        635
       535        525        524        635
       524        525        625        635
       524        625        624        635
       524        624        634        635
       524        634        534        635
       533        534        523        634
       534        524        523        634
       523        524        624        634
       523        624        623        634
       523        623        633        634
       523        633        533        634
       532        533        522        633
       533        523        522        633
       522        523        623        633
       522        623        622        633
       522        622        632        633
       522        632        532        633
       531        532        521        632
       532        522        521        632
       521        522        622        632
       521        622        621        632
       521        621        631        632
       521        631        531        632
       529        530        518        630
       530        520        518        630
       518        520        620        630
       518        620        618        630
       518        618        629        630
       518        629        529        630
       528        529        516        629
       529        518        516        629
       516        518        618        629
       516        618        616        629
       516        616        628        629
       516        628        528        629
       527        528        514        628
       528        516        514        628
       514        516        616        628
       514        616        614        628
       514        614        627        628
       514        627        527        628
       526        527        512        627
       527        514        512        627
       512        514        614        627
       512        614        612        627
       512        612        626        627
       512        626        526        627
       525        526        510        626
       526        512        510        626
       510        512        612        626
       510        612        610        626
       510        610        625        626
       510        625        525        626
       524        525        508        625
       525        510        508        625
       508        510        610        625
       508        610        608        625
       508        608        624        625
       508        624        524        625
       523        524        506        624
       524        508        506        624
       506        508        608        624
       506        608        606        624
       506        606        623        624
       506        623        523        624
       522        523        504        623
       523        506        504        623
       504        506        606        623
       504        606        604        623
       504        604        622        623
       504        622        522        623
       521        522        502        622
       522        504        502        622
       502        504        604        622
       502        604        602        622
       502        602        621        622
       502        621        521        622
       518        520        517        620
       520        519        517        620
       517        519        619        620
       517        619        617        620
       517        617        618        620
       517        618        518        620
       516        518        515        618
       518        517        515        618
       515        517        617        618
       515        617        615        618
       515        615        616        618
       515        616        516        618
       514        516        513        616
       516        515        513        616
       513        515        615        616
       513        615        613        616
       513        613        614        616
       513        614        514        616
       512        514        511        614
       514        513        511        614
       511        513        613        614
       511        613        611        614
       511        611        612        614
       511        612        512        614
       510        512        509        612
       512        511        509        612
       509        511        611        612
       509        611        609        612
       509        609        610        612
       509        610        510        612
       508        510        507        610
       510        509        507        610
       507        509        609        610
       507        609        607        610
       507        607        608        610
       507        608        508        610
       506        508        505        608
       508        507        505        608
       505        507        607        608
       505        607        605        608
       505        605        606        608
       505        606        506        608
       504        506        503        606
       506        505        503        606
       503        505        605        606
       503        605        603        606
       503        603        604        606
       503        604        504        606
       502        504        501        604
       504        503        501        604
       501        503        603        604
       501        603        601        604
       501        601        602        604
       501        602        502        604
       499        500        489        600
       500        490        489        600
       489        490        590        600
       489        590        589        600
       489        589        599        600
       489        599        499        600
       498        499        488        599
       499        489        488        599
       488        489        589        599
       488        589        588        599
       488        588        598        599
       488        598        498        599
       497        498        487        598
       498        488        487        598
       487        488        588        598
       487        588        587        598
       487        587        597        598
       487        597        497        598
       496        497        486        597
       497        487        486        597
       486        487        587        597
       486        587        586        597
       486        586        596        597
       486        596        496        597
       495        496        485        596
       496        486        485        596
       485        486        586        596
       485        586        585        596
       485        585        595        596
       485        595        495        596
       494        495        484        595
       495        485        484        595
       484        485        585        595
       484        585        584        595
       484        584        594        595
       484        594        494        595
       493        494        483        594
       494        484        483        594
       483        484        584        594
       483        584        583        594
       483        583        593        594
       483        593        493        594
       492        493        482        593
       493        483        482        593
       482        483        583        593
       482        583        582        593
       482        582        592        593
       482        592        492        593
       491        492        481        592
       492        482        481        592
       481        482        582        592
       481        582        581        592
       481        581        591        592
       481        591        491        592
       489        490        479        590
       490        480        479        590
       479        480        580        590
       479        580        579        590
       479        579        589        590
       479        589        489        590
       488        489        478        589
       489        479        478        589
       478        479        579        589
       478        579        578        589
       478        578        588        589
       478        588        488        589
       487        488        477        588
       488        478        477        588
       477        478        578        588
       477        578        577        588
       477        577        587        588
       477        587        487        588
       486        487        476        587
       487        477        476        587
       476        477        577        587
       476        577        576        587
       476        576        586        587
       476        586        486        587
       485        486        475        586
       486        476        475        586
       475        476        576        586
       475        576        575        586
       475        575        585        586
       475        585        485        586
       484        485        474        585
       485        475        474        585
       474        475        575        585
       474        575        574        585
       474        574        584        585
       474        584        484        585
       483        484        473        584
       484        474        473        584
       473        474        574        584
       473        574        573        584
       473        573        583        584
       473        583        483        584
       482        483        472        583
       483        473        472        583
       472        473        573        583
       472        573        572        583
       472        572        582        583
       472        582        482        583
       481        482        471        582
       482        472        471        582
       471        472        572        582
       471        572        571        582
       471        571        581        582
       471        581        481        582
       479        480        469        580
       480        470        469        580
       469        470        570        580
       469        570        569        580
       469        569        579        580
       469        579        479        580
       478        479        468        579
       479        469        468        579
       468        469        569        579
       468        569        568        579
       468        568        578        579
       468        578        478        579
       477        478        467        578
       478        468        467        578
       467        468        568        578
       467        568        567        578
       467        567        577        578
       467        577        477        578
       476        477        466        577
       477        467        466        577
       466        467        567        577
       466        567        566        577
       466        566        576        577
       466        576        476        577
       475        476        465        576
       476        466        465        576
       465        466        566        576
       465        566        565        576
       465        565        575        576
       465        575        475        576
       474        475        464        575
       475        465        464        575
       464        465        565        575
       464        565        564        575
       464        564        574        575
       464        574        474        575
       473        474        463        574
       474        464        463        574
       463        464        564        574
       463        564        563        574
       463        563        573        574
       463        573        473        574
       472        473        462        573
       473        463        462        573
       462        463        563        573
       462        563        562        573
       462        562        572        573
       462        572        472        573
       471        472        461        572
       472        462        461        572
       461        462        562        572
       461        562        561        572
       461        561        571        572
       461        571        471        572
       469        470        459        570
       470        460        459        570
       459        460        560        570
       459        560        559        570
       459        559        569        570
       459        569        469        570
       468        469        458        569
       469        459        458        569
       458        459        559        569
       458        559        558        569
       458        558        568        569
       458        568        468        569
       467        468        457        568
       468        458        457        568
       457        458        558        568
       457        558        557        568
       457        557        567        568
       457        567        467        568
       466        467        456        567
       467        457        456        567
       456        457        557        567
       456        557        556        567
       456        556        566        567
       456        566        466        567
       465        466        455        566
       466        456        455        566
       455        456        556        566
       455        556        555        566
       455        555        565        566
       455        565        465        566
       464        465        454        565
       465        455        454        565
       454        455        555        565
       454        555        554        565
       454        554        564        565
       454        564        464        565
       463        464        453        564
       464        454        453        564
       453        454        554        564
       453        554        553        564
       453        553        563        564
       453        563        463        564
       462        463        452        563
       463        453        452        563
       452        453        553        563
       452        553        552        563
       452        552        562        563
       452        562        462        563
       461        462        451        562
       462        452        451        562
       451        452        552        562
       451        552        551        562
       451        551        561        562
       451        561        461        562
       459        460        449        560
       460        450        449        560
       449        450        550        560
       449        550        549        560
       449        549        559        560
       449        559        459        560
       458        459        448        559
       459        449        448        559
       448        449        549        559
       448        549        548        559
       448        548        558        559
       448        558        458        559
       457        458        447        558
       458        448        447        558
       447        448        548        558
       447        548        547        558
       447        547        557        558
       447        557        457        558
       456        457        446        557
       457        447        446        557
       446        447        547        557
       446        547        546        557
       446        546        556        557
       446        556        456        557
       455        456        445        556
       456        446        445        556
       445        446        546        556
       445        546        545        556
       445        545        555        556
       445        555        455        556
       454        455        444        555
       455        445        444        555
       444        445        545        555
       444        545        544        555
       444        544        554        555
       444        554        454        555
       453        454        443        554
       454        444        443        554
       443        444        544        554
       443        544        543        554
       443        543        553        554
       443        553        453        554
       452        453        442        553
       453        443        442        553
       442        443        543        553
       442        543        542        553
       442        542        552        553
       442        552        452        553
       451        452        441        552
       452        442        441        552
       441        442        542        552
       441        542        541        552
       441        541        551        552
       441        551        451        552
       449        450        439        550
       450        440        439        550
       439        440        540        550
       439        540        539        550
       439        539        549        550
       439        549        449        550
       448        449        438        549
       449        439        438        549
       438        439        539        549
       438        539        538        549
       438        538        548        549
       438        548        448        549
       447        448        437        548
       448        438        437        548
       437        438        538        548
       437        538        537        548
       437        537        547        548
       437        547        447        548
       446        447        436        547
       447        437        436        547
       436        437        537        547
       436        537        536        547
       436        536        546        547
       436        546        446        547
       445        446        435        546
       446        436        435        546
       435        436        536        546
       435        536        535        546
       435        535        545        546
       435        545        445        546
       444        445        434        545
       445        435        434        545
       434        435        535        545
       434        535        534        545
       434        534        544        545
       434        544        444        545
       443        444        433        544
       444        434        433        544
       433        434        534        544
       433        534        533        544
       433        533        543        544
       433        543        443        544
       442        443        432        543
       443        433        432        543
       432        433        533        543
       432        533        532        543
       432        532        542        543
       432        542        442        543
       441        442        431        542
       442        432        431        542
       431        432        532        542
       431        532        531        542
       431        531        541        542
       431        541        441        542
       439        440        429        540
       440        430        429        540
       429        430        530        540
       429        530        529        540
       429        529        539        540
       429        539        439        540
       438        439        428        539
       439        429        428        539
       428        429        529        539
       428        529        528        539
       428        528        538        539
       428        538        438        539
       437        438        427        538
       438        428        427        538
       427        428        528        538
       427        528        527        538
       427        527        537        538
       427        537        437        538
       436        437        426        537
       437        427        426        537
       426        427        527        537
       426        527        526        537
       426        526        536        537
       426        536        436        537
       435        436        425        536
       436        426        425        536
       425        426        526        536
       425        526        525        536
       425        525        535        536
       425        535        435        536
       434        435        424        535
       435        425        424        535
       424        425        525        535
       424        525        524        535
       424        524        534        535
       424        534        434        535
       433        434        423        534
       434        424        423        534
       423        424        524        534
       423        524        523        534
       423        523        533        534
       423        533        433        534
       432        433        422        533
       433        423        422        533
       422        423        523        533
       422        523        522        533
       422        522        532        533
       422        532        432        533
       431        432        421        532
       432        422        421        532
       421        422        522        532
       421        522        521        532
       421        521        531        532
       421        531        431        532
       429        430        418        530
       430        420        418        530
       418        420        520        530
       418        520        518        530
       418        518        529        530
       418        529        429        530
       428        429        416        529
       429        418        416        529
       416        418        518        529
       416        518        516        529
       416        516        528        529
       416        528        428        529
       427        428        414        528
       428        416        414        528
       414        416        516        528
       414        516        514        528
       414        514        527        528
       414        527        427        528
       426        427        412        527
       427        414        412        527
       412        414        514        527
       412        514        512        527
       412        512        526        527
       412        526        426        527
       425        426        410        526
       426        412        410        526
       410        412        512        526
       410        512        510        526
       410        510        525        526
       410        525        425        526
       424        425        408        525
       425        410        408        525
       408        410        510        525
       408        510        508        525
       408        508        524        525
       408        524        424        525
       423        424        406        524
       424        408        406        524
       406        408        508        524
       406        508        506        524
       406        506        523        524
       406        523        423        524
       422        423        404        523
       423        406        404        523
       404        406        506        523
       404        506        504        523
       404        504        522        523
       404        522        422        523
       421        422        402        522
       422        404        402        522
       402        404        504        522
       402        504        502        522
       402        502        521        522
       402        521        421        522
       418        420        417        520
       420        419        417        520
       417        419        519        520
       417        519        517        520
       417        517        518        520
       417        518        418        520
       416        418        415        518
       418        417        415        518
       415        417        517        518
       415        517        515        518
       415        515        516        518
       415        516        416        518
       414        416        413        516
       416        415        413        516
       413        415        515        516
       413        515        513        516
       413        513        514        516
       413        514        414        516
       412        414        411        514
       414        413        411        514
       411        413        513        514
       411        513        511        514
       411        511        512        514
       411        512        412        514
       410        412        409        512
       412        411        409        512
       409        411        511        512
       409        511        509        512
       409        509        510        512
       409        510        410        512
       408        410        407        510
       410        409        407        510
       407        409        509        510
       407        509        507        510
       407        507        508        510
       407        508        408        510
       406        408        405        508
       408        407        405        508
       405        407        507        508
       405        507        505        508
       405        505        506        508
       405        506        406        508
       404        406        403        506
       406        405        403        506
       403        405        505        506
       403        505        503        506
       403        503        504        506
       403        504        404        506
       402        404        401        504
       404        403        401        504
       401        403        503        504
       401        503        501        504
       401        501        502        504
       401        502        402        504
       399        400        389        500
       400        390        389        500
       389        390        490        500
       389        490        489        500
       389        489        499        500
       389        499        399        500
       398        399        388        499
       399        389        388        499
       388        389        489        499
       388        489        488        499
       388        488        498        499
       388        498        398        499
       397        398        387        498
       398        388        387        498
       387        388        488        498
       387        488        487        498
       387        487        497        498
       387        497        397        498
       396        397        386        497
       397        387        386        497
       386        387        487        497
       386        487        486        497
       386        486        496        497
       386        496        396        497
       395        396        385        496
       396        386        385        496
       385        386        486        496
       385        486        485        496
       385        485        495        496
       385        495        395        496
       394        395        384        495
       395        385        384        495
       384        385        485        495
       384        485        484        495
       384        484        494        495
       384        494        394        495
       393        394        383        494
       394        384        383        494
       383        384        484        494
       383        484        483        494
       383        483        493        494
       383        493        393        494
       392        393        382        493
       393        383        382        493
       382        383        483        493
       382        483        482        493
       382        482        492        493
       382        492        392        493
       391        392        381        492
       392        382        381        492
       381        382        482        492
       381        482        481        492
       381        481        491        492
       381        491        391        492
       389        390        379        490
       390        380        379        490
       379        380        480        490
       379        480        479        490
       379        479        489        490
       379        489        389        490
       388        389        378        489
       389        379        378        489
       378        379        479        489
       378        479        478        489
       378        478        488        489
       378        488        388        489
       387        388        377        488
       388        378        377        488
       377        378        478        488
       377        478        477        488
       377        477        487        488
       377        487        387        488
       386        387        376        487
       387        377        376        487
       376        377        477        487
       376        477        476        487
       376        476        486        487
       376        486        386        487
       385        386        375        486
       386        376        375        486
       375        376        476        486
       375        476        475        486
       375        475        485        486
       375        485        385        486
       384        385        374        485
       385        375        374        485
       374        375        475        485
       374        475        474        485
       374        474        484        485
       374        484        384        485
       383        384        373        484
       384        374        373        484
       373        374        474        484
       373        474        473        484
       373        473        483        484
       373        483        383        484
       382        383        372        483
       383        373        372        483
       372        373        473        483
       372        473        472        483
       372        472        482        483
       372        482        382        483
       381        382        371        482
       382        372        371        482
       371        372        472        482
       371        472        471        482
       371        471        481        482
       371        481        381        482
       379        380        369        480
       380        370        369        480
       369        370        470        480
       369        470        469        480
       369        469        479        480
       369        479        379        480
       378        379        368        479
       379        369        368        479
       368        369        469        479
       368        469        468        479
       368        468        478        479
       368        478        378        479
       377        378        367        478
       378        368        367        478
       367        368        468        478
       367        468        467        478
       367        467        477        478
       367        477        377        478
       376        377        366        477
       377        367        366        477
       366        367        467        477
       366        467        466        477
       366        466        476        477
       366        476        376        477
       375        376        365        476
       376        366        365        476
       365        366        466        476
       365        466        465        476
       365        465        475        476
       365        475        375        476
       374        375        364        475
       375        365        364        475
       364        365        465        475
       364        465        464        475
       364        464        474        475
       364        474        374        475
       373        374        363        474
       374        364        363        474
       363        364        464        474
       363        464        463        474
       363        463        473        474
       363        473        373        474
       372        373        362        473
       373        363        362        473
       362        363        463        473
       362        463        462        473
       362        462        472        473
       362        472        372        473
       371        372        361        472
       372        362        361        472
       361        362        462        472
       361        462        461        472
       361        461        471        472
       361        471        371        472
       369        370        359        470
       370        360        359        470
       359        360        460        470
       359        460        459        470
       359        459        469        470
       359        469        369        470
       368        369        358        469
       369        359        358        469
       358        359        459        469
       358        459        458        469
       358        458        468        469
       358        468        368        469
       367        368        357        468
       368        358        357        468
       357        358        458        468
       357        458        457        468
       357        457        467        468
       357        467        367        468
       366        367        356        467
       367        357        356        467
       356        357        457        467
       356        457        456        467
       356        456        466        467
       356        466        366        467
       365        366        355        466
       366        356        355        466
       355        356        456        466
       355        456        455        466
       355        455        465        466
       355        465        365        466
       364        365        354        465
       365        355        354        465
       354        355        455        465
       354        455        454        465
       354        454        464        465
       354        464        364        465
       363        364        353        464
       364        354        353        464
       353        354        454        464
       353        454        453        464
       353        453        463        464
       353        463        363        464
       362        363        352        463
       363        353        352        463
       352        353        453        463
       352        453        452        463
       352        452        462        463
       352        462        362        463
       361        362        351        462
       362        352        351        462
       351        352        452        462
       351        452        451        462
       351        451        461        462
       351        461        361        462
       359        360        349        460
       360        350        349        460
       349        350        450        460
       349        450        449        460
       349        449        459        460
       349        459        359        460
       358        359        348        459
       359        349        348        459
       348        349        449        459
       348        449        448        459
       348        448        458        459
       348        458        358        459
       357        358        347        458
       358        348        347        458
       347        348        448        458
       347        448        447        458
       347        447        457        458
       347        457        357        458
       356        357        346        457
       357        347        346        457
       346        347        447        457
       346        447        446        457
       346        446        456        457
       346        456        356        457
       355        356        345        456
       356        346        345        456
       345        346        446        456
       345        446        445        456
       345        445        455        456
       345        455        355        456
       354        355        344        455
       355        345        344        455
       344        345        445        455
       344        445        444        455
       344        444        454        455
       344        454        354        455
       353        354        343        454
       354        344        343        454
       343        344        444        454
       343        444        443        454
       343        443        453        454
       343        453        353        454
       352        353        342        453
       353        343        342        453
       342        343        443        453
       342        443        442        453
       342        442        452        453
       342        452        352        453
       351        352        341        452
       352        342        341        452
       341        342        442        452
       341        442        441        452
       341        441        451        452
       341        451        351        452
       349        350        339        450
       350        340        339        450
       339        340        440        450
       339        440        439        450
       339        439        449        450
       339        449        349        450
       348        349        338        449
       349        339        338        449
       338        339        439        449
       338        439        438        449
       338        438        448        449
       338        448        348        449
       347        348        337        448
       348        338        337        448
       337        338        438        448
       337        438        437        448
       337        437        447        448
       337        447        347        448
       346        347        336        447
       347        337        336        447
       336        337        437        447
       336        437        436        447
       336        436        446        447
       336        446        346        447
       345        346        335        446
       346        336        335        446
       335        336        436        446
       335        436        435        446
       335        435        445        446
       335        445        345        446
       344        345        334        445
       345        335        334        445
       334        335        435        445
       334        435        434        445
       334        434        444        445
       334        444        344        445
       343        344        333        444
       344        334        333        444
       333        334        434        444
       333        434        433        444
       333        433        443        444
       333        443        343        444
       342        343        332        443
       343        333        332        443
       332        333        433        443
       332        433        432        443
       332        432        442        443
       332        442        342        443
       341        342        331        442
       342        332        331        442
       331        332        432        442
       331        432        431        442
       331        431        441        442
       331        441        341        442
       339        340        329        440
       340        330        329        440
       329        330        430        440
       329        430        429        440
       329        429        439        440
       329        439        339        440
       338        339        328        439
       339        329        328        439
       328        329        429        439
       328        429        428        439
       328        428        438        439
       328        438        338        439
       337        338        327        438
       338        328        327        438
       327        328        428        438
       327        428        427        438
       327        427        437        438
       327        437        337        438
       336        337        326        437
       337        327        326        437
       326        327        427        437
       326        427        426        437
       326        426        436        437
       326        436        336        437
       335        336        325        436
       336        326        325        436
       325        326        426        436
       325        426        425        436
       325        425        435        436
       325        435        335        436
       334        335        324        435
       335        325        324        435
       324        325        425        435
       324        425        424        435
       324        424        434        435
       324        434        334        435
       333        334        323        434
       334        324        323        434
       323        324        424        434
       323        424        423        434
       323        423        433        434
       323        433        333        434
       332        333        322        433
       333        323        322        433
       322        323        423        433
       322        423        422        433
       322        422        432        433
       322        432        332        433
       331        332        321        432
       332        322        321        432
       321        322        422        432
       321        422        421        432
       321        421        431        432
       321        431        331        432
       329        330        318        430
       330        320        318        430
       318        320        420        430
       318        420        418        430
       318        418        429        430
       318        429        329        430
       328        329        316        429
       329        318        316        429
       316        318        418        429
       316        418        416        429
       316        416        428        429
       316        428        328        429
       327        328        314        428
       328        316        314        428
       314        316        416        428
       314        416        414        428
       314        414        427        428
       314        427        327        428
       326        327        312        427
       327        314        312        427
       312        314        414        427
       312        414        412        427
       312        412        426        427
       312        426        326        427
       325        326        310        426
       326        312        310        426
       310        312        412        426
       310        412        410        426
       310        410        425        426
       310        425        325        426
       324        325        308        425
       325        310        308        425
       308        310        410        425
       308        410        408        425
       308        408        424        425
       308        424        324        425
       323        324        306        424
       324        308        306        424
       306        308        408        424
       306        408        406        424
       306        406        423        424
       306        423        323        424
       322        323        304        423
       323        306        304        423
       304        306        406        423
       304        406        404        423
       304        404        422        423
       304        422        322        423
       321        322        302        422
       322        304        302        422
       302        304        404        422
       302        404        402        422
       302        402        421        422
       302        421        321        422
       318        320        317        420
       320        319        317        420
       317        319        419        420
       317        419        417        420
       317        417        418        420
       317        418        318        420
       316        318        315        418
       318        317        315        418
       315        317        417        418
       315        417        415        418
       315        415        416        418
       315        416        316        418
       314        316        313        416
       316        315        313        416
       313        315        415        416
       313        415        413        416
       313        413        414        416
       313        414        314        416
       312        314        311        414
       314        313        311        414
       311        313        413        414
       311        413        411        414
       311        411        412        414
       311        412        312        414
       310        312        309        412
       312        311        309        412
       309        311        411        412
       309        411        409        412
       309        409        410        412
       309        410        310        412
       308        310        307        410
       310        309        307        410
       307        309        409        410
       307        409        407        410
       307        407        408        410
       307        408        308        410
       306        308        305        408
       308        307        305        408
       305        307        407        408
       305        407        405        408
       305        405        406        408
       305        406        306        408
       304        306        303        406
       306        305        303        406
       303        305        405        406
       303        405        403        406
       303        403        404        406
       303        404        304        406
       302        304        301        404
       304        303        301        404
       301        303        403        404
       301        403        401        404
       301        401        402        404
       301        402        302        404
       299        300        289        400
       300        290        289        400
       289        290        390        400
       289        390        389        400
       289        389        399        400
       289        399        299        400
       298        299        288        399
       299        289        288        399
       288        289        389        399
       288        389        388        399
       288        388        398        399
       288        398        298        399
       297        298        287        398
       298        288        287        398
       287        288        388        398
       287        388        387        398
       287        387        397        398
       287        397        297        398
       296        297        286        397
       297        287        286        397
       286        287        387        397
       286        387        386        397
       286        386        396        397
       286        396        296        397
       295        296        285        396
       296        286        285        396
       285        286        386        396
       285        386        385        396
       285        385        395        396
       285        395        295        396
       294        295        284        395
       295        285        284        395
       284        285        385        395
       284        385        384        395
       284        384        394        395
       284        394        294        395
       293        294        283        394
       294        284        283        394
       283        284        384        394
       283        384        383        394
       283        383        393        394
       283        393        293        394
       292        293        282        393
       293        283        282        393
       282        283        383        393
       282        383        382        393
       282        382        392        393
       282        392        292        393
       291        292        281        392
       292        282        281        392
       281        282        382        392
       281        382        381        392
       281        381        391        392
       281        391        291        392
       289        290        279        390
       290        280        279        390
       279        280        380        390
       279        380        379        390
       279        379        389        390
       279        389        289        390
       288        289        278        389
       289        279        278        389
       278        279        379        389
       278        379        378        389
       278        378        388        389
       278        388        288        389
       287        288        277        388
       288        278        277        388
       277        278        378        388
       277        378        377        388
       277        377        387        388
       277        387        287        388
       286        287        276        387
       287        277        276        387
       276        277        377        387
       276        377        376        387
       276        376        386        387
       276        386        286        387
       285        286        275        386
       286        276        275        386
       275        276        376        386
       275        376        375        386
       275        375        385        386
       275        385        285        386
       284        285        274        385
       285        275        274        385
       274        275        375        385
       274        375        374        385
       274        374        384        385
       274        384        284        385
       283        284        273        384
       284        274        273        384
       273        274        374        384
       273        374        373        384
       273        373        383        384
       273        383        283        384
       282        283        272        383
       283        273        272        383
       272        273        373        383
       272        373        372        383
       272        372        382        383
       272        382        282        383
       281        282        271        382
       282        272        271        382
       271        272        372        382
       271        372        371        382
       271        371        381        382
       271        381        281        382
       279        280        269        380
       280        270        269        380
       269        270        370        380
       269        370        369        380
       269        369        379        380
       269        379        279        380
       278        279        268        379
       279        269        268        379
       268        269        369        379
       268        369        368        379
       268        368        378        379
       268        378        278        379
       277        278        267        378
       278        268        267        378
       267        268        368        378
       267        368        367        378
       267        367        377        378
       267        377        277        378
       276        277        266        377
       277        267        266        377
       266        267        367        377
       266        367        366        377
       266        366        376        377
       266        376        276        377
       275        276        265        376
       276        266        265        376
       265        266        366        376
       265        366        365        376
       265        365        375        376
       265        375        275        376
       274        275        264        375
       275        265        264        375
       264        265        365        375
       264        365        364        375
       264        364        374        375
       264        374        274        375
       273        274        263        374
       274        264        263        374
       263        264        364        374
       263        364        363        374
       263        363        373        374
       263        373        273        374
       272        273        262        373
       273        263        262        373
       262        263        363        373
       262        363        362        373
       262        362        372        373
       262        372        272        373
       271        272        261        372
       272        262        261        372
       261        262        362        372
       261        362        361        372
       261        361        371        372
       261        371        271        372
       269        270        259        370
       270        260        259        370
       259        260        360        370
       259        360        359        370
       259        359        369        370
       259        369        269        370
       268        269        258        369
       269        259        258        369
       258        259        359        369
       258        359        358        369
       258        358        368        369
       258        368        268        369
       267        268        257        368
       268        258        257        368
       257        258        358        368
       257        358        357        368
       257        357        367        368
       257        367        267        368
       266        267        256        367
       267        257        256        367
       256        257        357        367
       256        357        356        367
       256        356        366        367
       256        366        266        367
       265        266        255        366
       266        256        255        366
       255        256        356        366
       255        356        355        366
       255        355        365        366
       255        365        265        366
       264        265        254        365
       265        255        254        365
       254        255        355        365
       254        355        354        365
       254        354        364        365
       254        364        264        365
       263        264        253        364
       264        254        253        364
       253        254        354        364
       253        354        353        364
       253        353        363        364
       253        363        263        364
       262        263        252        363
       263        253        252        363
       252        253        353        363
       252        353        352        363
       252        352        362        363
       252        362        262        363
       261        262        251        362
       262        252        251        362
       251        252        352        362
       251        352        351        362
       251        351        361        362
       251        361        261        362
       259        260        249        360
       260        250        249        360
       249        250        350        360
       249        350        349        360
       249        349        359        360
       249        359        259        360
       258        259        248        359
       259        249        248        359
       248        249        349        359
       248        349        348        359
       248        348        358        359
       248        358        258        359
       257        258        247        358
       258        248        247        358
       247        248        348        358
       247        348        347        358
       247        347        357        358
       247        357        257        358
       256        257        246        357
       257        247        246        357
       246        247        347        357
       246        347        346        357
       246        346        356        357
       246        356        256        357
       255        256        245        356
       256        246        245        356
       245        246        346        356
       245        346        345        356
       245        345        355        356
       245        355        255        356
       254        255        244        355
       255        245        244        355
       244        245        345        355
       244        345        344        355
       244        344        354        355
       244        354        254        355
       253        254        243        354
       254        244        243        354
       243        244        344        354
       243        344        343        354
       243        343        353        354
       243        353        253        354
       252        253        242        353
       253        243        242        353
       242        243        343        353
       242        343        342        353
       242        342        352        353
       242        352        252        353
       251        252        241        352
       252        242        241        352
       241        242        342        352
       241        342        341        352
       241        341        351        352
       241        351        251        352
       249        250        239        350
       250        240        239        350
       239        240        340        350
       239        340        339        350
       239        339        349        350
       239        349        249        350
       248        249        238        349
       249        239        238        349
       238        239        339        349
       238        339        338        349
       238        338        348        349
       238        348        248        349
       247        248        237        348
       248        238        237        348
       237        238        338        348
       237        338        337        348
       237        337        347        348
       237        347        247        348
       246        247        236        347
       247        237        236        347
       236        237        337        347
       236        337        336        347
       236        336        346        347
       236        346        246        347
       245        246        235        346
       246        236        235        346
       235        236        336        346
       235        336        335        346
       235        335        345        346
       235        345        245        346
       244        245        234        345
       245        235        234        345
       234        235        335        345
       234        335        334        345
       234        334        344        345
       234        344        244        345
       243        244        233        344
       244        234        233        344
       233        234        334        344
       233        334        333        344
       233        333        343        344
       233        343        243        344
       242        243        232        343
       243        233        232        343
       232        233        333        343
       232        333        332        343
       232        332        342        343
       232        342        242        343
       241        242        231        342
       242        232        231        342
       231        232        332        342
       231        332        331        342
       231        331        341        342
       231        341        241        342
       239        240        229        340
       240        230        229        340
       229        230        330        340
       229        330        329        340
       229        329        339        340
       229        339        239        340
       238        239        228        339
       239        229        228        339
       228        229        329        339
       228        329        328        339
       228        328        338        339
       228        338        238        339
       237        238        227        338
       238        228        227        338
       227        228        328        338
       227        328        327        338
       227        327        337        338
       227        337        237        338
       236        237        226        337
       237        227        226        337
       226        227        327        337
       226        327        326        337
       226        326        336        337
       226        336        236        337
       235        236        225        336
       236        226        225        336
       225        226        326        336
       225        326        325        336
       225        325        335        336
       225        335        235        336
       234        235        224        335
       235        225        224        335
       224        225        325        335
       224        325        324        335
       224        324        334        335
       224        334        234        335
       233        234        223        334
       234        224        223        334
       223        224        324        334
       223        324        323        334
       223        323        333        334
       223        333        233        334
       232        233        222        333
       233        223        222        333
       222        223        323        333
       222        323        322        333
       222        322        332        333
       222        332        232        333
       231        232        221        332
       232        222        221        332
       221        222        322        332
       221        322        321        332
       221        321        331        332
       221        331        231        332
       229        230        218        330
       230        220        218        330
       218        220        320        330
       218        320        318        330
       218        318        329        330
       218        329        229        330
       228        229        216        329
       229        218        216        329
       216        218        318        329
       216        318        316        329
       216        316        328        329
       216        328        228        329
       227        228        214        328
       228        216        214        328
       214        216        316        328
       214        316        314        328
       214        314        327        328
       214        327        227        328
       226        227        212        327
       227        214        212        327
       212        214        314        327
       212        314        312        327
       212        312        326        327
       212        326        226        327
       225        226        210        326
       226        212        210        326
       210        212        312        326
       210        312        310        326
       210        310        325        326
       210        325        225        326
       224        225        208        325
       225        210        208        325
       208        210        310        325
       208        310        308        325
       208        308        324        325
       208        324        224        325
       223        224        206        324
       224        208        206        324
       206        208        308        324
       206        308        306        324
       206        306        323        324
       206        323        223        324
       222        223        204        323
       223        206        204        323
       204        206        306        323
       204        306        304        323
       204        304        322        323
       204        322        222        323
       221        222        202        322
       222        204        202        322
       202        204        304        322
       202        304        302        322
       202        302        321        322
       202        321        221        322
       218        220        217        320
       220        219        217        320
       217        219        319        320
       217        319        317        320
       217        317        318        320
       217        318        218        320
       216        218        215        318
       218        217        215        318
       215        217        317        318
       215        317        315        318
       215        315        316        318
       215        316        216        318
       214        216        213        316
       216        215        213        316
       213        215        315        316
       213        315        313        316
       213        313        314        316
       213        314        214        316
       212        214        211        314
       214        213        211        314
       211        213        313        314
       211        313        311        314
       211        311        312        314
       211        312        212        314
       210        212        209        312
       212        211        209        312
       209        211        311        312
       209        311        309        312
       209        309        310        312
       209        310        210        312
       208        210        207        310
       210        209        207        310
       207        209        309        310
       207        309        307        310
       207        307        308        310
       207        308        208        310
       206        208        205        308
       208        207        205        308
       205        207        307        308
       205        307        305        308
       205        305        306        308
       205        306        206        308
       204        206        203        306
       206        205        203        306
       203        205        305        306
       203        305        303        306
       203        303        304        306
       203        304        204        306
       202        204        201        304
       204        203        201        304
       201        203        303        304
       201        303        301        304
       201        301        302        304
       201        302        202        304
       198        200        178        300
       200        180        178        300
       178        180        290        300
       178        290        289        300
       178        289        299        300
       178        299        198        300
       196        198        176        299
       198        178        176        299
       176        178        289        299
       176        289        288        299
       176        288        298        299
       176        298        196        299
       194        196        174        298
       196        176        174        298
       174        176        288        298
       174        288        287        298
       174        287        297        298
       174        297        194        298
       192        194        172        297
       194        174        172        297
       172        174        287        297
       172        287        286        297
       172        286        296        297
       172        296        192        297
       190        192        170        296
       192        172        170        296
       170        172        286        296
       170        286        285        296
       170        285        295        296
       170        295        190        296
       188        190        168        295
       190        170        168        295
       168        170        285        295
       168        285        284        295
       168        284        294        295
       168        294        188        295
       186        188        166        294
       188        168        166        294
       166        168        284        294
       166        284        283        294
       166        283        293        294
       166        293        186        294
       184        186        164        293
       186        166        164        293
       164        166        283        293
       164        283        282        293
       164        282        292        293
       164        292        184        293
       182        184        162        292
       184        164        162        292
       162        164        282        292
       162        282        281        292
       162        281        291        292
       162        291        182        292
       178        180        158        290
       180        160        158        290
       158        160        280        290
       158        280        279        290
       158        279        289        290
       158        289        178        290
       176        178        156        289
       178        158        156        289
       156        158        279        289
       156        279        278        289
       156        278        288        289
       156        288        176        289
       174        176        154        288
       176        156        154        288
       154        156        278        288
       154        278        277        288
       154        277        287        288
       154        287        174        288
       172        174        152        287
       174        154        152        287
       152        154        277        287
       152        277        276        287
       152        276        286        287
       152        286        172        287
       170        172        150        286
       172        152        150        286
       150        152        276        286
       150        276        275        286
       150        275        285        286
       150        285        170        286
       168        170        148        285
       170        150        148        285
       148        150        275        285
       148        275        274        285
       148        274        284        285
       148        284        168        285
       166        168        146        284
       168        148        146        284
       146        148        274        284
       146        274        273        284
       146        273        283        284
       146        283        166        284
       164        166        144        283
       166        146        144        283
       144        146        273        283
       144        273        272        283
       144        272        282        283
       144        282        164        283
       162        164        142        282
       164        144        142        282
       142        144        272        282
       142        272        271        282
       142        271        281        282
       142        281        162        282
       158        160        138        280
       160        140        138        280
       138        140        270        280
       138        270        269        280
       138        269        279        280
       138        279        158        280
       156        158        136        279
       158        138        136        279
       136        138        269        279
       136        269        268        279
       136        268        278        279
       136        278        156        279
       154        156        134        278
       156        136        134        278
       134        136        268        278
       134        268        267        278
       134        267        277        278
       134        277        154        278
       152        154        132        277
       154        134        132        277
       132        134        267        277
       132        267        266        277
       132        266        276        277
       132        276        152        277
       150        152        130        276
       152        132        130        276
       130        132        266        276
       130        266        265        276
       130        265        275        276
       130        275        150        276
       148        150        128        275
       150        130        128        275
       128        130        265        275
       128        265        264        275
       128        264        274        275
       128        274        148        275
       146        148        126        274
       148        128        126        274
       126        128        264        274
       126        264        263        274
       126        263        273        274
       126        273        146        274
       144        146        124        273
       146        126        124        273
       124        126        263        273
       124        263        262        273
       124        262        272        273
       124        272        144        273
       142        144        122        272
       144        124        122        272
       122        124        262        272
       122        262        261        272
       122        261        271        272
       122        271        142        272
       138        140        118        270
       140        120        118        270
       118        120        260        270
       118        260        259        270
       118        259        269        270
       118        269        138        270
       136        138        116        269
       138        118        116        269
       116        118        259        269
       116        259        258        269
       116        258        268        269
       116        268        136        269
       134        136        114        268
       136        116        114        268
       114        116        258        268
       114        258        257        268
       114        257        267        268
       114        267        134        268
       132        134        112        267
       134        114        112        267
       112        114        257        267
       112        257        256        267
       112        256        266        267
       112        266        132        267
       130        132        110        266
       132        112        110        266
       110        112        256        266
       110        256        255        266
       110        255        265        266
       110        265        130        266
       128        130        108        265
       130        110        108        265
       108        110        255        265
       108        255        254        265
       108        254        264        265
       108        264        128        265
       126        128        106        264
       128        108        106        264
       106        108        254        264
       106        254        253        264
       106        253        263        264
       106        263        126        264
       124        126        104        263
       126        106        104        263
       104        106        253        263
       104        253        252        263
       104        252        262        263
       104        262        124        263
       122        124        102        262
       124        104        102        262
       102        104        252        262
       102        252        251        262
       102        251        261        262
       102        261        122        262
       118        120         98        260
       120        100         98        260
        98        100        250        260
        98        250        249        260
        98        249        259        260
        98        259        118        260
       116        118         96        259
       118         98         96        259
        96         98        249        259
        96        249        248        259
        96        248        258        259
        96        258        116        259
       114        116         94        258
       116         96         94        258
        94         96        248        258
        94        248        247        258
        94        247        257        258
        94        257        114        258
       112        114         92        257
       114         94         92        257
        92         94        247        257
        92        247        246        257
        92        246        256        257
        92        256        112        257
       110        112         90        256
       112         92         90        256
        90         92        246        256
        90        246        245        256
        90        245        255        256
        90        255        110        256
       108        110         88        255
       110         90         88        255
        88         90        245        255
        88        245        244        255
        88        244        254        255
        88        254        108        255
       106        108         86        254
       108         88         86        254
        86         88        244        254
        86        244        243        254
        86        243        253        254
        86        253        106        254
       104        106         84        253
       106         86         84        253
        84         86        243        253
        84        243        242        253
        84        242        252        253
        84        252        104        253
       102        104         82        252
       104         84         82        252
        82         84        242        252
        82        242        241        252
        82        241        251        252
        82        251        102        252
        98        100         78        250
       100         80         78        250
        78         80        240        250
        78        240        239        250
        78        239        249        250
        78        249         98        250
        96         98         76        249
        98         78         76        249
        76         78        239        249
        76        239        238        249
        76        238        248        249
        76        248         96        249
        94         96         74        248
        96         76         74        248
        74         76        238        248
        74        238        237        248
        74        237        247        248
        74        247         94        248
        92         94         72        247
        94         74         72        247
        72         74        237        247
        72        237        236        247
        72        236        246        247
        72        246         92        247
        90         92         70        246
        92         72         70        246
        70         72        236        246
        70        236        235        246
        70        235        245        246
        70        245         90        246
        88         90         68        245
        90         70         68        245
        68         70        235        245
        68        235        234        245
        68        234        244        245
        68        244         88        245
        86         88         66        244
        88         68         66        244
        66         68        234        244
        66        234        233        244
        66        233        243        244
        66        243         86        244
        84         86         64        243
        86         66         64        243
        64         66        233        243
        64        233        232        243
        64        232        242        243
        64        242         84        243
        82         84         62        242
        84         64         62        242
        62         64        232        242
        62        232        231        242
        62        231        241        242
        62        241         82        242
        78         80         58        240
        80         60         58        240
        58         60        230        240
        58        230        229        240
        58        229        239        240
        58        239         78        240
        76         78         56        239
        78         58         56        239
        56         58        229        239
        56        229        228        239
        56        228        238        239
        56        238         76        239
        74         76         54        238
        76         56         54        238
        54         56        228        238
        54        228        227        238
        54        227        237        238
        54        237         74        238
        72         74         52        237
        74         54         52        237
        52         54        227        237
        52        227        226        237
        52        226        236        237
        52        236         72        237
        70         72         50        236
        72         52         50        236
        50         52        226        236
        50        226        225        236
        50        225        235        236
        50        235         70        236
        68         70         48        235
        70         50         48        235
        48         50        225        235
        48        225        224        235
        48        224        234        235
        48        234         68        235
        66         68         46        234
        68         48         46        234
        46         48        224        234
        46        224        223        234
        46        223        233        234
        46        233         66        234
        64         66         44        233
        66         46         44        233
        44         46        223        233
        44        223        222        233
        44        222        232        233
        44        232         64        233
        62         64         42        232
        64         44         42        232
        42         44        222        232
        42        222        221        232
        42        221        231        232
        42        231         62        232
        58         60         36        230
        60         40         36        230
        36         40        220        230
        36        220        218        230
        36        218        229        230
        36        229         58        230
        56         58         32        229
        58         36         32        229
        32         36        218        229
        32        218        216        229
        32        216        228        229
        32        228         56        229
        54         56         28        228
        56         32         28        228
        28         32        216        228
        28        216        214        228
        28        214        227        228
        28        227         54        228
        52         54         24        227
        54         28         24        227
        24         28        214        227
        24        214        212        227
        24        212        226        227
        24        226         52        227
        50         52         20        226
        52         24         20        226
        20         24        212        226
        20        212        210        226
        20        210        225        226
        20        225         50        226
        48         50         16        225
        50         20         16        225
        16         20        210        225
        16        210        208        225
        16        208        224        225
        16        224         48        225
        46         48         12        224
        48         16         12        224
        12         16        208        224
        12        208        206        224
        12        206        223        224
        12        223         46        224
        44         46          8        223
        46         12          8        223
         8         12        206        223
         8        206        204        223
         8        204        222        223
         8        222         44        223
        42         44          4        222
        44          8          4        222
         4          8        204        222
         4        204        202        222
         4        202        221        222
         4        221         42        222
        36         40         34        220
        40         38         34        220
        34         38        219        220
        34        219        217        220
        34        217        218        220
        34        218         36        220
        32         36         30        218
        36         34         30        218
        30         34        217        218
        30        217        215        218
        30        215        216        218
        30        216         32        218
        28         32         26        216
        32         30         26        216
        26         30        215        216
        26        215        213        216
        26        213        214        216
        26        214         28        216
        24         28         22        214
        28         26         22        214
        22         26        213        214
        22        213        211        214
        22        211        212        214
        22        212         24        214
        20         24         18        212
        24         22         18        212
        18         22        211        212
        18        211        209        212
        18        209        210        212
        18        210         20        212
        16         20         14        210
        20         18         14        210
        14         18        209        210
        14        209        207        210
        14        207        208        210
        14        208         16        210
        12         16         10        208
        16         14         10        208
        10         14        207        208
        10        207        205        208
        10        205        206        208
        10        206         12        208
         8         12          6        206
        12         10          6        206
         6         10        205        206
         6        205        203        206
         6        203        204        206
         6        204          8        206
         4          8          2        204
         8          6          2        204
         2          6        203        204
         2        203        201        204
         2        201        202        204
         2        202          4        204
       197        199        177        200
       199        179        177        200
       177        179        180        200
       177        180        178        200
       177        178        198        200
       177        198        197        200
       195        197        175        198
       197        177        175        198
       175        177        178        198
       175        178        176        198
       175        176        196        198
       175        196        195        198
       193        195        173        196
       195        175        173        196
       173        175        176        196
       173        176        174        196
       173        174        194        196
       173        194        193        196
       191        193        171        194
       193        173        171        194
       171        173        174        194
       171        174        172        194
       171        172        192        194
       171        192        191        194
       189        191        169        192
       191        171        169        192
       169        171        172        192
       169        172        170        192
       169        170        190        192
       169        190        189        192
       187        189        167        190
       189        169        167        190
       167        169        170        190
       167        170        168        190
       167        168        188        190
       167        188        187        190
       185        187        165        188
       187        167        165        188
       165        167        168        188
       165        168        166        188
       165        166        186        188
       165        186        185        188
       183        185        163        186
       185        165        163        186
       163        165        166        186
       163        166        164        186
       163        164        184        186
       163        184        183        186
       181        183        161        184
       183        163        161        184
       161        163        164        184
       161        164        162        184
       161        162        182        184
       161        182        181        184
       177        179        157        180
       179        159        157        180
       157        159        160        180
       157        160        158        180
       157        158        178        180
       157        178        177        180
       175        177        155        178
       177        157        155        178
       155        157        158        178
       155        158        156        178
       155        156        176        178
       155        176        175        178
       173        175        153        176
       175        155        153        176
       153        155        156        176
       153        156        154        176
       153        154        174        176
       153        174        173        176
       171        173        151        174
       173        153        151        174
       151        153        154        174
       151        154        152        174
       151        152        172        174
       151        172        171        174
       169        171        149        172
       171        151        149        172
       149        151        152        172
       149        152        150        172
       149        150        170        172
       149        170        169        172
       167        169        147        170
       169        149        147        170
       147        149        150        170
       147        150        148        170
       147        148        168        170
       147        168        167        170
       165        167        145        168
       167        147        145        168
       145        147        148        168
       145        148        146        168
       145        146        166        168
       145        166        165        168
       163        165        143        166
       165        145        143        166
       143        145        146        166
       143        146        144        166
       143        144        164        166
       143        164        163        166
       161        163        141        164
       163        143        141        164
       141        143        144        164
       141        144        142        164
       141        142        162        164
       141        162        161        164
       157        159        137        160
       159        139        137        160
       137        139        140        160
       137        140        138        160
       137        138        158        160
       137        158        157        160
       155        157        135        158
       157        137        135        158
       135        137        138        158
       135        138        136        158
       135        136        156        158
       135        156        155        158
       153        155        133        156
       155        135        133        156
       133        135        136        156
       133        136        134        156
       133        134        154        156
       133        154        153        156
       151        153        131        154
       153        133        131        154
       131        133        134        154
       131        134        132        154
       131        132        152        154
       131        152        151        154
       149        151        129        152
       151        131        129        152
       129        131        132        152
       129        132        130        152
       129        130        150        152
       129        150        149        152
       147        149        127        150
       149        129        127        150
       127        129        130        150
       127        130        128        150
       127        128        148        150
       127        148        147        150
       145        147        125        148
       147        127        125        148
       125        127        128        148
       125        128        126        148
       125        126        146        148
       125        146        145        148
       143        145        123        146
       145        125        123        146
       123        125        126        146
       123        126        124        146
       123        124        144        146
       123        144        143        146
       141        143        121        144
       143        123        121        144
       121        123        124        144
       121        124        122        144
       121        122        142        144
       121        142        141        144
       137        139        117        140
       139        119        117        140
       117        119        120        140
       117        120        118        140
       117        118        138        140
       117        138        137        140
       135        137        115        138
       137        117        115        138
       115        117        118        138
       115        118        116        138
       115        116        136        138
       115        136        135        138
       133        135        113        136
       135        115        113        136
       113        115        116        136
       113        116        114        136
       113        114        134        136
       113        134        133        136
       131        133        111        134
       133        113        111        134
       111        113        114        134
       111        114        112        134
       111        112        132        134
       111        132        131        134
       129        131        109        132
       131        111        109        132
       109        111        112        132
       109        112        110        132
       109        110        130        132
       109        130        129        132
       127        129        107        130
       129        109        107        130
       107        109        110        130
       107        110        108        130
       107        108        128        130
       107        128        127        130
       125        127        105        128
       127        107        105        128
       105        107        108        128
       105        108        106        128
       105        106        126        128
       105        126        125        128
       123        125        103        126
       125        105        103        126
       103        105        106        126
       103        106        104        126
       103        104        124        126
       103        124        123        126
       121        123        101        124
       123        103        101        124
       101        103        104        124
       101        104        102        124
       101        102        122        124
       101        122        121        124
       117        119         97        120
       119         99         97        120
        97         99        100        120
        97        100         98        120
        97         98        118        120
        97        118        117        120
       115        117         95        118
       117         97         95        118
        95         97         98        118
        95         98         96        118
        95         96        116        118
        95        116        115        118
       113        115         93        116
       115         95         93        116
        93         95         96        116
        93         96         94        116
        93         94        114        116
        93        114        113        116
       111        113         91        114
       113         93         91        114
        91         93         94        114
        91         94         92        114
        91         92        112        114
        91        112        111        114
       109        111         89        112
       111         91         89        112
        89         91         92        112
        89         92         90        112
        89         90        110        112
        89        110        109        112
       107        109         87        110
       109         89         87        110
        87         89         90        110
        87         90         88        110
        87         88        108        110
        87        108        107        110
       105        107         85        108
       107         87         85        108
        85         87         88        108
        85         88         86        108
        85         86        106        108
        85        106        105        108
       103        105         83        106
       105         85         83        106
        83         85         86        106
        83         86         84        106
        83         84        104        106
        83        104        103        106
       101        103         81        104
       103         83         81        104
        81         83         84        104
        81         84         82        104
        81         82        102        104
        81        102        101        104
        97         99         77        100
        99         79         77        100
        77         79         80        100
        77         80         78        100
        77         78         98        100
        77         98         97        100
        95         97         75         98
        97         77         75         98
        75         77         78         98
        75         78         76         98
        75         76         96         98
        75         96         95         98
        93         95         73         96
        95         75         73         96
        73         75         76         96
        73         76         74         96
        73         74         94         96
        73         94         93         96
        91         93         71         94
        93         73         71         94
        71         73         74         94
        71         74         72         94
        71         72         92         94
        71         92         91         94
        89         91         69         92
        91         71         69         92
        69         71         72         92
        69         72         70         92
        69         70         90         92
        69         90         89         92
        87         89         67         90
        89         69         67         90
        67         69         70         90
        67         70         68         90
        67         68         88         90
        67         88         87         90
        85         87         65         88
        87         67         65         88
        65         67         68         88
        65         68         66         88
        65         66         86         88
        65         86         85         88
        83         85         63         86
        85         65         63         86
        63         65         66         86
        63         66         64         86
        63         64         84         86
        63         84         83         86
        81         83         61         84
        83         63         61         84
        61         63         64         84
        61         64         62         84
        61         62         82         84
        61         82         81         84
        77         79         57         80
        79         59         57         80
        57         59         60         80
        57         60         58         80
        57         58         78         80
        57         78         77         80
        75         77         55         78
        77         57         55         78
        55         57         58         78
        55         58         56         78
        55         56         76         78
        55         76         75         78
        73         75         53         76
        75         55         53         76
        53         55         56         76
        53         56         54         76
        53         54         74         76
        53         74         73         76
        71         73         51         74
        73         53         51         74
        51         53         54         74
        51         54         52         74
        51         52         72         74
        51         72         71         74
        69         71         49         72
        71         51         49         72
        49         51         52         72
        49         52         50         72
        49         50         70         72
        49         70         69         72
        67         69         47         70
        69         49         47         70
        47         49         50         70
        47         50         48         70
        47         48         68         70
        47         68         67         70
        65         67         45         68
        67         47         45         68
        45         47         48         68
        45         48         46         68
        45         46         66         68
        45         66         65         68
        63         65         43         66
        65         45         43         66
        43         45         46         66
        43         46         44         66
        43         44         64         66
        43         64         63         66
        61         63         41         64
        63         43         41         64
        41         43         44         64
        41         44         42         64
        41         42         62         64
        41         62         61         64
        57         59         35         60
        59         39         35         60
        35         39         40         60
        35         40         36         60
        35         36         58         60
        35         58         57         60
        55         57         31         58
        57         35         31         58
        31         35         36         58
        31         36         32         58
        31         32         56         58
        31         56         55         58
        53         55         27         56
        55         31         27         56
        27         31         32         56
        27         32         28         56
        27         28         54         56
        27         54         53         56
        51         53         23         54
        53         27         23         54
        23         27         28         54
        23         28         24         54
        23         24         52         54
        23         52         51         54
        49         51         19         52
        51         23         19         52
        19         23         24         52
        19         24         20         52
        19         20         50         52
        19         50         49         52
        47         49         15         50
        49         19         15         50
        15         19         20         50
        15         20         16         50
        15         16         48         50
        15         48         47         50
        45         47         11         48
        47         15         11         48
        11         15         16         48
        11         16         12         48
        11         12         46         48
        11         46         45         48
        43         45          7         46
        45         11          7         46
         7         11         12         46
         7         12          8         46
         7          8         44         46
         7         44         43         46
        41         43          3         44
        43          7          3         44
         3          7          8         44
         3          8          4         44
         3          4         42         44
         3         42         41         44
        35         39         33         40
        39         37         33         40
        33         37         38         40
        33         38         34         40
        33         34         36         40
        33         36         35         40
        31         35         29         36
        35         33         29         36
        29         33         34         36
        29         34         30         36
        29         30         32         36
        29         32         31         36
        27         31         25         32
        31         29         25         32
        25         29         30         32
        25         30         26         32
        25         26         28         32
        25         28         27         32
        23         27         21         28
        27         25         21         28
        21         25         26         28
        21         26         22         28
        21         22         24         28
        21         24         23         28
        19         23         17         24
        23         21         17         24
        17         21         22         24
        17         22         18         24
        17         18         20         24
        17         20         19         24
        15         19         13         20
        19         17         13         20
        13         17         18         20
        13         18         14         20
        13         14         16         20
        13         16         15         20
        11         15          9         16
        15         13          9         16
         9         13         14         16
         9         14         10         16
         9         10         12         16
         9         12         11         16
         7         11          5         12
        11          9          5         12
         5          9         10         12
         5         10          6         12
         5          6          8         12
         5          8          7         12
         3          7          1          8
         7          5          1          8
         1          5          6          8
         1          6          2          8
         1          2          4          8
         1          4          3          8
0
0
